"0","jordanivan@yahoo.com","pbkdf2:sha256:260000$w2p16MqCEU7Zx311$c7b52a14dd0478710b08612714d1818ef85562a253f4a2b91dd5174cef37c214","Sharon","Thomas","1","6718","112 Collins Brook Suite 551
Brownmouth, FL 49845"
"1","joneslori@hotmail.com","pbkdf2:sha256:260000$0p8cZtuClskbnX3w$b6566afef1a027a1bdfcef5755e44255dba6d63e5095f8503f0c481123823265","Richard","Cohen","0","1613","0262 Herman Underpass
West Brendamouth, MA 92782"
"2","john15@yahoo.com","pbkdf2:sha256:260000$q5OjkkhljyO0sAGn$31f3835d6086172ae019f2019feebb2b0b4b86b6deb43e1ddbee7969bc4f2961","Douglas","Williams","0","8521","694 Douglas Shore
North Joseside, OK 50095"
"3","terrellrichard@hotmail.com","pbkdf2:sha256:260000$72qadoZmMON82IhL$2eb43759a7766a4c489f616b1aab386648ba0f1be6845dd31d2b7b50414e606a","Amanda","Carson","1","6558","7886 Melissa Freeway Apt. 189
West Lisaburgh, NC 96463"
"4","kevin92@yahoo.com","pbkdf2:sha256:260000$FiOBs1xvmtsb3wPa$7382dd237990dd121562f0e0bff869501742f72f1535c813c315cd43be3c3a47","Amber","Wilson","0","2041","47763 Amy Hills Apt. 668
South Larry, IA 93340"
"5","nmendoza@hotmail.com","pbkdf2:sha256:260000$jZgNyrq5rlgjhDpt$449fe7bd1c479d1aa0eef4b9f9857a1ee80f477f5438c601a302f6914e5456fb","Derrick","Lang","0","4448","172 Hannah Knoll Apt. 448
Millerhaven, MS 51313"
"6","ricky11@hotmail.com","pbkdf2:sha256:260000$zwh3W47T8Q9coDCP$c87f1e1f0746040304127d030769b396f7f101ffd8720a47d6dd1e30ca78cd87","Amy","Weber","1","7027","Unit 8390 Box 8913
DPO AP 77770"
"7","okennedy@yahoo.com","pbkdf2:sha256:260000$SsJmUXvfQROmEb2Z$c491fc4f1eed424574664fbc5804ba82e588a8077f004173cba405d174acd8cf","Andrea","Chen","1","7765","6618 Harper Tunnel Apt. 324
Flemington, ME 90292"
"8","allenkathleen@gmail.com","pbkdf2:sha256:260000$9KBS5evmjGhx7Ovw$eed62ecd906afa9951368d101a70aef45cfb85dd632474175c8f9422199f24dc","Veronica","Johnson","1","4867","PSC 8841, Box 6961
APO AP 92667"
"9","kaylamendoza@gmail.com","pbkdf2:sha256:260000$weXE9Z32FxPOS64a$9b8ff4ba5f66f26055cc418903db0404aeccc94b606b2c9989bf1545fb303374","Alan","Robbins","1","9924","17557 Patricia Plain
Port Michael, NC 87553"
"10","rebeccajohnson@hotmail.com","pbkdf2:sha256:260000$hLmGe4Ohkg3pji1g$7c163584e4d095595043c588dcab1063f911f9aa7db107c9ae8f2ea17574fc3a","Donald","Webster","0","6680","938 Veronica Row Apt. 572
Johnsonton, TN 01136"
"11","ruth30@gmail.com","pbkdf2:sha256:260000$0JTJblUGaINX5Rly$b1e54aab2fab8641ce5582793680d2c1f7ea04c882c6caacfde02c4e387ee390","Cody","Davis","1","2912","13090 Preston Cliff Suite 415
Lake Manuelmouth, AL 03806"
"12","amyhudson@yahoo.com","pbkdf2:sha256:260000$M2U1I1v7OVBydIom$856d5620830d04a47f638815dd2da4e438ecb10fcdb815814cc57a6d77bf9d69","Cindy","Simmons","1","9688","513 Ryan Forges Apt. 996
Clementsstad, LA 69491"
"13","millerrichard@hotmail.com","pbkdf2:sha256:260000$1Re9RnPaXGldf4on$064a286c6dfcfebdb4731666b0a2427ec29fcf2907d70e89b1fc0fd819750835","Richard","Abbott","0","3763","565 Rodriguez Throughway Apt. 790
East Christine, ND 86256"
"14","crodriguez@hotmail.com","pbkdf2:sha256:260000$5wk0I7A7Q3Yg3tE5$d08bbe567bc7d7011953ddf21dccd1d4980371c003156156af25aa8d6fa2a007","Kyle","Steele","1","7864","543 Christian Corners Suite 657
South Ashley, NY 64591"
"15","ewang@hotmail.com","pbkdf2:sha256:260000$G050Guk5xM2eiy5V$a75253a38c85929324a07b469cf047f3b224239875f7eb501207915bd7f3bbc9","Amy","Bauer","0","6345","231 Mcdonald Station
East Robertfurt, AR 93688"
"16","bishopkatherine@gmail.com","pbkdf2:sha256:260000$7k8orxGMPiSPnrRV$0a215e10690ce7fdb56ae2021f51ad88e75296b4415c37ccd9800e3c54364303","Gloria","Kemp","1","3922","4078 Angela Mount
Brentborough, AK 31607"
"17","webbdouglas@yahoo.com","pbkdf2:sha256:260000$RkVmUl3c6JR2ROFv$2224522eaffa1e5b2c4185e7d66a1d24bd82e733c067f16b205005e6b9fd708b","Karen","Madden","0","8425","519 Andrew Corners Suite 679
New Karenbury, WA 82346"
"18","iheath@yahoo.com","pbkdf2:sha256:260000$sVsyjF5te6XSrcfT$5798d020ce2caffd1fa8bfc9a3a7e26fb7015214d05b2ca2cce39496a20ebbae","Angel","Bright","0","3505","605 Michael Falls Apt. 259
East Michaelport, KS 15987"
"19","brandyblankenship@hotmail.com","pbkdf2:sha256:260000$7ceuvi6uMTsW3Y25$2684113ec3382ec243236f1c789b77122db36012e6999d1c1f575761f941c168","Sarah","Blake","0","5074","453 Callahan Route
Gonzalezburgh, RI 44433"
"20","michael38@hotmail.com","pbkdf2:sha256:260000$0YfXrx7Xsx6chhDV$3e29fa812208f1a4ca4cad8fcbf4b484c8479fd399f63568a906125701b53a74","Deborah","Davidson","0","4865","139 Emma Trail Apt. 422
West Amanda, SC 29601"
"21","andrewjones@gmail.com","pbkdf2:sha256:260000$RMMA7whORdSLOrRw$e22781cb1382da070a10e75fd05dae10f15d6032e755349ba5a537a564f632bc","Anthony","Henson","1","3607","1310 Phillip Turnpike Apt. 351
Jasonton, IA 54113"
"22","jonathanhernandez@yahoo.com","pbkdf2:sha256:260000$3Kwrz2OpLhfx2JXl$3165490998714a7afc3238120afc8b774ed308ddbd9d7762980cc3f172e04166","Patricia","Hall","1","2865","17993 Christina Hill
Jasminemouth, HI 16183"
"23","ccollier@gmail.com","pbkdf2:sha256:260000$dP6f4HqPmmsE8fMR$38bdec34c716df075438fb031fa7229223fb2386bb2dfdc630870a032a5e2937","Tamara","Sanchez","1","7516","27613 Steve Lock
Toddburgh, PA 76205"
"24","xcallahan@hotmail.com","pbkdf2:sha256:260000$Jaya6YkRikdgFgcv$a9500f094611c79d19cfc0ef1e31e32cc956a1692c72fc5d6c58100ba77e43aa","Kevin","Stevenson","1","8379","677 Becker Loop Suite 982
Roseport, SD 25170"
"25","stevendavis@yahoo.com","pbkdf2:sha256:260000$3q1Fq9Ci6XS2uqI0$38d85f0bcc03850d007422531bd5050add0bb6a66f9139ac0011f14dff50a83b","Elizabeth","Vargas","0","6848","9667 Tyler Groves Suite 768
Hallview, ND 79051"
"26","garciajeffrey@yahoo.com","pbkdf2:sha256:260000$yBc4I58NgFVY6oJx$7c07e39c754b726b2622196360c3732b4cda0493d3ae208e77b993442b67501c","Linda","Perry","1","4101","21213 Brian Port
Thomasland, MI 57889"
"27","pwright@gmail.com","pbkdf2:sha256:260000$xdyWWenCB4aeif8J$19ab1c7c437d38f964b9cad5c19fa176f09b8145cb6fa1924e880a64a1ab46ee","Lisa","Wright","0","1360","207 Melinda Run
Lyonsmouth, HI 81461"
"28","stephen47@yahoo.com","pbkdf2:sha256:260000$ROJIySlXYumqHEVP$504b6f90d634be18d7594f81e1642b6900015ebb2b4004e0830969835479bd80","Janet","Phillips","1","1162","Unit 8157 Box 4191
DPO AE 67687"
"29","kevin75@yahoo.com","pbkdf2:sha256:260000$9gzspknmiPGlFX4D$627bfeab097e3ad97d0f8a88e0199016d51fec5678df2022d8d4d81b0a2a9ac8","Maria","Moore","0","4097","8341 Sandra Inlet Suite 832
Gregoryberg, WA 07499"
"30","fclark@gmail.com","pbkdf2:sha256:260000$SlsMfeZhaE4b528g$89ebd905ca1ebc05d35cab3e628b3968c6e0f4aa290c8616931769c8b991f4b7","Victoria","Trujillo","0","2887","64932 Gardner Route Apt. 368
Garyfurt, MO 21367"
"31","johnrodriguez@hotmail.com","pbkdf2:sha256:260000$FcZi9qyEEh0seiCe$61feda01ed160707c50a75c7f5032e2491ee6133bfe3a4fa43fe279915734368","Christina","Williams","0","2978","1456 Mark Parks
East Jeffrey, KS 20354"
"32","collinsanthony@gmail.com","pbkdf2:sha256:260000$wIBjHggqlGnfgE1z$475366d36f05b0a1adc45b2f9e1f244bd32d0f33691be6feab9a40fbc242414a","Tyler","Snyder","0","4607","7954 Rachel Falls Suite 642
West Katelynside, WI 46612"
"33","michellerasmussen@yahoo.com","pbkdf2:sha256:260000$gTX8unNJj4WaRqbi$e4ce8924d18c93349e18fefbe75e53653fe1422942760cbdd7e70048722101e6","Michael","Smith","1","2993","300 Moon Rapid
Watkinsmouth, DC 11785"
"34","brooke91@hotmail.com","pbkdf2:sha256:260000$rncAHAeAhMy84HHX$81b44ae3d4e02d631c71d7cbbab1e6d5398a7759afd6e74d8802be5790446c5b","Valerie","Miller","0","6976","314 Diaz Villages Suite 997
East Julie, NY 13542"
"35","bishopjose@hotmail.com","pbkdf2:sha256:260000$1WOar8PYPC5VVgAs$230e6038e848f15b1bc3069868de63da989eb81833ed99ef5b831bcba32ec2dd","Alyssa","Peterson","1","7607","20574 Rivera Union
South Bailey, IA 81091"
"36","manningmegan@yahoo.com","pbkdf2:sha256:260000$7jywKLsPNBmdJQVc$7403080adef77d9a91b4e2f947e715e3c2971d099ed450b4240dd9e2f9dc827a","Samuel","Ibarra","1","1119","3393 Carter Bridge Suite 223
South Oscar, WA 76987"
"37","amyshepherd@gmail.com","pbkdf2:sha256:260000$13pGDweOvGvLpFRV$049cbf15b0883eda32ee32a13011881e80a868ccf5fe740dd9fd1149f24d706a","Albert","Jennings","0","2090","88231 Hernandez Mill Apt. 575
Gregoryhaven, ID 77100"
"38","weaveranthony@yahoo.com","pbkdf2:sha256:260000$iOphTgzNbLSjLafN$e5300b0be835db129b18f6bd28f12f08642132706b88fda560ab7a850fdb7945","Kelly","Todd","0","7873","70377 Katherine Cove
South Dannyview, MN 02929"
"39","gweber@hotmail.com","pbkdf2:sha256:260000$PIX9a49wDX7ZUAyq$1a9b557898c38bcfd6183aa604942074b905f2e4d01c31a083628b9096a698fd","Mary","Taylor","0","8155","473 Clark Skyway Apt. 790
New Anthony, DC 56837"
"40","christopher52@hotmail.com","pbkdf2:sha256:260000$mRmhrSvmJjO3hwyK$7dd2df32e51f0072556682003273c59d317a44eb2086fa8e223cc77fc31e1133","Dawn","Gilbert","0","518","2370 Shaw Curve Apt. 288
Morganton, WI 13314"
"41","jason77@gmail.com","pbkdf2:sha256:260000$lPrAtysat8ajX0yV$8c8dfe814a5887c5a7419949173b29b5745f8836927d91362407882a236308f7","Jennifer","Charles","1","4453","Unit 6501 Box 2642
DPO AE 20799"
"42","wendy07@gmail.com","pbkdf2:sha256:260000$SoIVETRCvRG0VRs0$1f26f0fe3d657ee0bfff98ff5dfe0bad495dbca1aad76d7b14f1fff6313f9393","Andrew","Bullock","1","1685","Unit 1038 Box 2937
DPO AA 69292"
"43","hughesjennifer@gmail.com","pbkdf2:sha256:260000$xTFVWoAfbXgJsT3p$7aafecb19b5b1f5b557be946e6b2d33a0ac1f677cfd10deb15545880982af177","Karen","Nelson","1","9341","336 Ethan Fords Suite 409
Deniseview, RI 68813"
"44","wayne16@hotmail.com","pbkdf2:sha256:260000$OiRRzUrb0awYwpUu$4bb37f6594a15e903041ff1a17a1d968ce955b2b2dde725cd5f7813fd3dd037e","Jay","DDS","1","9522","2001 William Rue
Welchport, WY 22660"
"45","johnsonjackson@hotmail.com","pbkdf2:sha256:260000$QdBhOZOvqJBQuLnQ$3943157e3ebe6254518e0232324953a2929a77d475470ab47383b06f632b888b","Stephanie","Ibarra","0","7009","96594 Sydney Pass Suite 234
Lake Kevintown, WY 29037"
"46","evansallison@gmail.com","pbkdf2:sha256:260000$mFyPgrkmNWXwCgQZ$a0c32cdb35fc026b409b6becfefff1c87cbdd09a67b239fc9ab548b76e02cd17","Gabriel","Whitehead","1","5741","44444 John Summit Apt. 714
South Bobbyside, MO 17406"
"47","jacksonxavier@yahoo.com","pbkdf2:sha256:260000$g0RdmYMNHDNvZ4R8$49bd3e64a4eefd03b0cffea0edf04fc5c7e07338bd6c04f43d387fdd1725df3b","Wesley","Alexander","0","6394","95591 Brown Plains Suite 735
Weberborough, MN 61526"
"48","jamesbrianna@gmail.com","pbkdf2:sha256:260000$aREEHMMUmc27cCEc$b8266d1f07ac7f725e3d0e440c1bfbef1de33901cf9bc99fc3fbb6f2e95fc21e","Louis","Chavez","0","5524","624 Thomas River Apt. 307
Lake Ronaldport, ME 73668"
"49","andrea09@hotmail.com","pbkdf2:sha256:260000$BIsPGwDmhrhZuIgz$7c170e4ada4e208875f042dd8bf65512b0a4ad85c9c6488f08cec6ff16d6180b","Crystal","Shepard","1","1089","38853 Brown Prairie Apt. 474
Andersenview, MN 75945"
"50","jessica83@yahoo.com","pbkdf2:sha256:260000$HTozIpKZqXIr3FHg$41edf1c6f5016b3574b2dd6a553b0748b57a0f69a572a97191de53480e621f6b","Jessica","Baker","0","9883","USNS Kemp
FPO AE 61133"
"51","alexis08@yahoo.com","pbkdf2:sha256:260000$1XSlY4VKzkjBWAYC$9ec5435bfd0360acbe0df21856bcb79521abeab3872ce0a116837a1103001ffa","Mary","Medina","1","8446","PSC 0301, Box 4488
APO AA 76959"
"52","vgray@hotmail.com","pbkdf2:sha256:260000$Ly5s3A7QfS3mRtKm$62420ccca76f25408535d5d7b556bec35d4dc9dadd923d959f778025dff128c2","Emma","Yang","1","5705","37468 Sampson Pine Suite 984
New Stuart, ND 99812"
"53","elizabeth48@yahoo.com","pbkdf2:sha256:260000$ja5uqIK5LyMcutz5$7ba92122cb980179ce430831febeac15adb361fc4a043e26534d79be41990760","Anna","Woods","1","1307","2041 Jessica Parks
Irwinstad, WI 15046"
"54","faithblake@yahoo.com","pbkdf2:sha256:260000$PHbV3Q35HmACQ2cr$9a8a1c4e3ce24ad372e72b1eba4c70beb04854e4041e92b55df3f0651b01dfbe","Christopher","Walsh","1","9125","3980 Benton Centers
Timberg, KS 82996"
"55","kristine54@gmail.com","pbkdf2:sha256:260000$ETxFtetHd2PRrXgD$08eec575cae40d717e56991532e801a2e54a8d3aee45294033e504b10bb09f10","Kimberly","Melendez","0","7728","8083 Michele Harbors Apt. 244
Cooperfort, ID 94907"
"56","jonathanoliver@yahoo.com","pbkdf2:sha256:260000$5oonGZRskiEIWrFl$137e0e6b357a48f5146a36049612b633b8e12f50ce0d5ba9e4563800ccaa93d6","Damon","Murphy","0","7247","4525 Smith Squares Suite 927
Leahville, CO 25063"
"57","morgan36@yahoo.com","pbkdf2:sha256:260000$YyfebcOAUcE7cmdW$8ce1919b64f0285b1efc10fb946877b5c7517a546db1fc1bf7f24d6f96f1f93a","Steven","Davis","0","2442","93627 Carlson Branch
North Brooke, HI 75109"
"58","shawn16@hotmail.com","pbkdf2:sha256:260000$qbxTBEKjKW3Jc18W$aa603e7829b6dc39ec773b935aad11d7093ab129905b3ee969a96b044a2a418d","Tyler","Johnson","0","8415","4507 Justin Valley Suite 866
Keithborough, CO 99017"
"59","heatherturner@gmail.com","pbkdf2:sha256:260000$cs6CZXR2XYUESdrz$d696aa67b64daf675e9ae051f3c8a661c422d45d7039c1a16b7132cd9677f90d","Stephen","Taylor","0","3502","8460 Stephanie Squares Apt. 551
Lake Timothy, WA 04674"
"60","webermichelle@hotmail.com","pbkdf2:sha256:260000$BTYsqYEgkEN2U5hE$9a7bb5b98bb8a64766c7e1dafabde971d5446ced4ef0bb8176069e1b9002982e","Mark","Boone","0","4541","USNV Davis
FPO AA 84678"
"61","mromero@yahoo.com","pbkdf2:sha256:260000$tnDu4WpEnJKWGAOA$f83e9a64b0d484868532f398ec1f7158ed6218567c9451a89ab7269f4203720c","Wendy","Kelly","1","3627","USNV Wang
FPO AE 54702"
"62","sarah24@hotmail.com","pbkdf2:sha256:260000$pZWrgLllojTPI4CM$3273183aa9565d76c119e71b8a48329adc6af41a68e2b4f19631534be19b95c0","Robert","Haynes","1","8165","0976 Porter Fields
East Benjamin, ND 38407"
"63","harrisonlisa@yahoo.com","pbkdf2:sha256:260000$maJ0HjlnQT1CKePJ$af42211eecd4a08ce2269f86ddae7643cf91511ece4eb3d27663b8a9fc34317e","Raymond","Santos","1","7462","PSC 0149, Box 9377
APO AE 50387"
"64","gonzalezemma@gmail.com","pbkdf2:sha256:260000$8i7C5AAWrnr0UEyn$03d9c98010bda09cfe583109bb09b7db8a28bb8b2682769159f628aab4291fe6","Pamela","Rivera","1","8787","1757 Wong Streets Suite 022
Ashleymouth, NM 43040"
"65","williampayne@yahoo.com","pbkdf2:sha256:260000$bDmnBqS9TK5KFb9C$b612320bc72935ca3c3c8cdad726e9a43d1b11e8dec448563b055cdb1e13c763","Zachary","Cook","0","7015","817 Hancock Extension Suite 094
Castrobury, OR 09868"
"66","twilliams@hotmail.com","pbkdf2:sha256:260000$SFhcZlnmIElcM4Dt$676ba20e6b895f0b9948d2436ed5deb048575438a07f3e17cb8c3c4f97442f27","Cheryl","Mann","0","2614","6560 Martinez Valley Suite 541
New Sandra, OK 95174"
"67","danielcarson@yahoo.com","pbkdf2:sha256:260000$uYHmiPpJ0Xa4oVj0$4c93f062520682c700381e02090bc1e19ff81791a100a1286ae5531d534d3fef","Eric","Wallace","0","9608","54288 Beasley Mountains
West Christopher, PA 15945"
"68","hallcarl@hotmail.com","pbkdf2:sha256:260000$YAF4qatpYp70qXcR$f8207f1cb5859170a1b93adf719f175cbc15906393a7edd40d5169f426bbc156","Robert","Chung","0","590","17168 Carmen Fall
Port Stephaniefurt, UT 91403"
"69","bgarcia@gmail.com","pbkdf2:sha256:260000$D7o5Fh1pjz2P8ySk$c275e908c9afbf63f94aa2be081b72345f91dc1b06d5393460b2e67f6039bb6e","Charles","Williams","1","6727","0583 Gardner Coves
North Margaretview, OR 29407"
"70","ramirezsteven@hotmail.com","pbkdf2:sha256:260000$M6pnlhxI1lmOyRjb$0ee2638730865d4c664f1fc4a3a8004ba2d57c8381864cb18baa83df459cae42","Heather","Gonzalez","1","9804","303 Kenneth Club
Lake Michael, IN 48668"
"71","cameron66@yahoo.com","pbkdf2:sha256:260000$EIQmXyd3bL7xRGC8$ef6f781918037b58cd0274ffd156d07c040391d1f1e6e11e342e4eb1683301c1","Cynthia","Roberson","1","3548","6483 May Ridge
South David, AL 89316"
"72","vmiller@hotmail.com","pbkdf2:sha256:260000$7P9BVOHvBxz7E7ew$18cb579fd018355bae9b0d00ee6419b3f07f83a52a8936ff6ca5fd90168ddf04","Brian","King","1","7111","937 William Island
North Larry, IN 90976"
"73","xmiller@yahoo.com","pbkdf2:sha256:260000$2EsemSsvGT0J3VSj$c25fc96f5dd6b634eddaed9ceba77eebbcef5ba4230af0b9ed4a6cce8af9b771","John","Jones","1","3141","83875 Barnett Island
Donnatown, NJ 24236"
"74","gloverdonna@gmail.com","pbkdf2:sha256:260000$H2UsQ0ch4ZpF5YHr$38455295e2185eef83b96930bec24dd19d3a42b27f9f74ba0b2a172277fea094","Ralph","Meza","1","9031","1910 Amy Island
Heathstad, CA 87508"
"75","nicholasbishop@gmail.com","pbkdf2:sha256:260000$Rts9sN8rHrHh2OC4$f23da4e5f81d27bfddb84140a7f8475baedf6b466fb38b5d8fa4e80a61d10cce","Haley","Schultz","0","2765","3485 Williams Cove
East Alicia, WV 88435"
"76","joseph48@yahoo.com","pbkdf2:sha256:260000$hoHomiCCNlg2V5Dp$b3088b430fe4ab84ecebf4b23292fd29afbec24092d1bb2293b0d820c572c168","Natalie","Donovan","1","4965","3169 Santos Cape Suite 254
North Stephanie, KY 95693"
"77","zhernandez@yahoo.com","pbkdf2:sha256:260000$smZaW6469JzR1U8X$25cc3254c41d82f8fe84baed5a426a482d67913eb3ce9db6b7d003254afe4733","Joseph","Gibson","1","733","15540 Hicks Greens Suite 927
Hayesberg, MD 58061"
"78","ecarroll@hotmail.com","pbkdf2:sha256:260000$dDzgSKQS23sNxDwb$8170bc259d19020e1e00c1c8fb65edd860b6a24a52629af252caa04c8b84e516","Amanda","Sanford","0","7525","6952 Steven Village
New Carla, CT 07548"
"79","allison25@gmail.com","pbkdf2:sha256:260000$TexbXWnNZUMM7dvE$c1c70713fb80ebe27fd33dc88e893fc8227a9205db1bfc5db0a3399d16f92afd","Dawn","Delgado","0","4541","2773 Cline Path Apt. 211
Perkinsview, MI 19115"
"80","john53@hotmail.com","pbkdf2:sha256:260000$0GyjSXWvknT2WMUr$c8483ca0538489e809063e09b349fcf66237601bd6f30100c4afbf9120a4f686","Heidi","Mcdowell","0","2384","11385 Morris Spring Apt. 659
North Paul, AL 28263"
"81","brandon02@hotmail.com","pbkdf2:sha256:260000$1BMYcSpw79Om8BdL$3b1cedfc0cfbd4ed4f2cc3206cc67257ca7a47c36102b8f7f5a20894605b12bb","Evan","Smith","1","8550","7402 Brenda Haven
West Anthonyside, NC 72937"
"82","dale00@yahoo.com","pbkdf2:sha256:260000$RbpeJjxIwZHNaUrJ$a2972f8fc4168e5864822c9719600aa382091e8665d451666acdcfe26d29085f","Daniel","James","1","2104","93775 Daniel Trace Apt. 530
West Isaiah, PA 24933"
"83","james56@hotmail.com","pbkdf2:sha256:260000$N1IxvcDpJOTZ6VBU$095b60dce218554d14ab154f1a692838ba786dbe05b66bf9fd0da0783cacbeab","Rebecca","Chan","0","9204","71011 Ortega Port Apt. 691
South Mark, IL 72432"
"84","bradleyjose@hotmail.com","pbkdf2:sha256:260000$ymW7tD2fku1oWRzd$9f75957ba600b9e724235e25f8c43b37b29bd6e051fff15ab44b97c42754671c","Sarah","Vasquez","0","9730","768 Laura Islands Suite 308
Williamstad, WA 63334"
"85","michaelchandler@gmail.com","pbkdf2:sha256:260000$GSGZXvvY9yugrWjB$cef6bdf24b81a30384797a2e35ebabd05a3dd072d4130c2cad91de25795a6e79","Michelle","Watson","1","8557","9628 Holloway Manors Apt. 514
Boydshire, CO 07371"
"86","ellen48@gmail.com","pbkdf2:sha256:260000$5M3J9ZciAJ87OM5B$f959c272ae0df90fb65e42bb479c6c87e86b7cc1d0c4843c000cb5c5c86400af","Paula","Wells","1","7822","16634 Johnson Well Suite 316
New Coreyhaven, HI 83126"
"87","tammyromero@gmail.com","pbkdf2:sha256:260000$pxDQtkt0NjmweVQL$2646ed74267ae7a7a8ebbf6215851ac6619f95c0a547c8d381ac9988c2a9eeb9","David","Rodriguez","0","4679","USCGC Stephens
FPO AP 76252"
"88","thomasanthony@hotmail.com","pbkdf2:sha256:260000$sNTsmaJfzuQUNbuR$c7c905dbfb800e8d0edf6926fc2a0461cf914b609b0ddd679d4ddb43e1a48faf","Annette","Garcia","0","2933","770 Kennedy Harbor Apt. 385
Mitchellhaven, RI 45040"
"89","colinsmith@hotmail.com","pbkdf2:sha256:260000$S0mFFK6uSDDxLavM$f2119b542ced0dce1f8050085100cd024e47ab93fe02ac3ceda9bd7d6f6736ba","Zachary","Ortiz","0","1536","940 Kelsey Pike
South Joanberg, NY 28028"
"90","thomas85@hotmail.com","pbkdf2:sha256:260000$YttpXyRU78HO4WPm$2071bbae61a9b2c58ddb62ca2dfc9793082f325e7a6eb76f510a700ce343141a","Peter","Pineda","1","9939","1183 Ward Fields Suite 107
New Kelseymouth, WI 41836"
"91","reyesjames@gmail.com","pbkdf2:sha256:260000$L7fwdMKjQYIY8L9z$ccd75113901880a13348d30f056d51c7466cc1b27a8412cda3d66f8b3156fdb0","Kyle","Martin","1","7451","18842 Thompson Pike Apt. 682
New Katelyn, MS 71675"
"92","gibbsjohn@yahoo.com","pbkdf2:sha256:260000$bdfIo2D8pwre8p6I$6c022f82000582ba906eb0938575998cb6e81e72c70b5382ecfeab5aa6a48de6","Anthony","Daniels","0","8215","7645 Kelly Unions Apt. 340
Greenehaven, SC 74085"
"93","terrymoreno@gmail.com","pbkdf2:sha256:260000$RbObeAMcudOgfxn2$e159f82af545fa56a69f7230002967d3bb359c3bf3aa5eaa3176f24f3b3396af","Mitchell","Martin","1","8511","407 Nicholas Land Apt. 121
Port Alexanderville, HI 87618"
"94","wardgabriel@yahoo.com","pbkdf2:sha256:260000$JMwwgWxoCvYgeI31$9db85a0976fe0adfa9a5c4cc6f393a204b1402e73e9b5b973860c9e5cfdf44ba","Stephanie","Jones","1","3662","2640 Miller Cove Suite 861
Brandonstad, WI 43693"
"95","thomassanchez@hotmail.com","pbkdf2:sha256:260000$xZieI59Him3PFBsq$7ee664eed835470a2c04208e5fec2cbcf604e47fdb24b0c51145666d6bddf268","Courtney","Patterson","1","8441","39505 Hart Streets
New Dean, DE 18609"
"96","david40@yahoo.com","pbkdf2:sha256:260000$PmhNHfvpxtfvfvAk$8c6cfe726b98a1a68a03fbcb75fb5772f265ef32d8e0f26d317c33554a2e3459","Joshua","Rosales","0","9960","68117 Gilbert Walk Apt. 965
North Robertside, MS 65207"
"97","michaelrice@gmail.com","pbkdf2:sha256:260000$n9WE9pBl0XGcf58N$9d8fc29cf3218e62bcaf4312a67dbd202f6ad9de8eb2f633f0b09bc9e9f83847","Henry","Howard","0","4645","50688 Simmons Turnpike Suite 799
Port Leslie, KS 51228"
"98","karen56@gmail.com","pbkdf2:sha256:260000$DLRfHkjM9wa8kt2B$8c27f74c3be4edd26a628bc0568f8f48033c28bd1d2661e9582adf6fe85ed2c3","Dr.","MD","0","6228","53158 Jones Pines Apt. 666
Robertville, NE 17590"
"99","patrick82@yahoo.com","pbkdf2:sha256:260000$lsTiq0ALLeTL7Nii$9fcf2a3d6e0110962b4e325a4e3b8de2e0cca8403900521354eacf7834494b7b","Daniel","Thompson","1","7706","165 Morris Club
Lake Melissamouth, FL 74868"
