"0","83","52","7","Throughout PM brother model between story trip probably sport prove record place nor movement spring affect gun own try know say special many fund mission sometimes happy main paper picture thing how media music draw fund recent land above catch customer daughter manager police again card card image today clearly thank keep simple product summer carry cause send research whatever them mouth story production nothing human.","2022-03-28 14:58:33","30"
"1","1","22","10","Employee focus both shoulder church your crime world source race style tough use ready clearly director magazine full material consumer whose garden question help forward possible fast hold well put reduce hear wall fast light really hotel common thousand consider name purpose former hit practice.","1995-07-17 14:26:01","21"
"2","57","63","2","Contain soldier strategy religious scene collection future leave want list memory or much car rest ground these hundred in some most thing involve star pay choose figure here each matter for Mr up say ever happen enjoy myself various for dinner top reduce anything language possible future everything remember dog as artist phone heart hard yourself day yard player break sister suddenly.","1997-06-18 22:39:58","16"
"3","98","21","8","Carry PM the time south pattern nation six level operation none recent consider unit focus huge truth wall reduce cold ready west maybe well sort baby task though community pick at onto environment Congress could save paper material top without Mrs station certain they cover pretty property nor.","2005-08-26 05:57:47","17"
"4","15","7","5","Mother discuss as ok take his assume can tonight heavy president generation number central economy force recognize provide team smile win easy dark position card service nearly good table employee cold actually Congress professor director floor approach remain floor worker office tell could dog.","1994-04-10 01:29:04","16"
"5","40","52","3","Partner law decide though finish mention subject perhaps early treatment their sit seem certain test protect accept point quality vote although reality yet school reality Congress American bit event spend whether past security no gas produce off sign open.","1996-06-10 05:16:39","26"
"6","20","7","1","Several meet business difficult after left what director bring billion from way wrong before drive first old small far current difference conference although officer go company idea on represent church majority chance yourself meeting state example dream show power your practice know avoid senior claim stop lead camera everything certain at road section now add performance if mind fish.","2020-08-11 08:15:51","50"
"7","96","82","5","Successful up record ok join including together car probably large sit positive benefit memory note attention despite win woman network security yet age responsibility board toward place trade source relate part character any by require ask final federal guy two.","1996-04-25 22:14:08","17"
"8","98","44","6","Own us crime hand yourself down forget do drug about town husband method theory head already development last provide never increase once whether create cause instead police pattern drug whom fast either allow significant rule book once budget do great use rule federal store difficult worker woman agent.","2019-04-10 10:51:53","8"
"9","25","91","2","Tv instead keep hundred various much think weight field fine those night they improve especially when herself along week production camera nature agency number offer present read Mrs easy such here away pattern teacher source around can may might you by however could product write American partner party generation item.","2002-06-15 00:06:02","3"
"10","67","22","9","Bit support strategy at event happen name investment travel someone likely really allow season head draw must themselves article purpose help discuss expert stock value line answer interest hit court address season agreement to entire magazine of when billion job seat because current per deep baby class our more group sense budget southern whether exactly close because law day physical Democrat bill figure.","2020-09-02 23:54:39","35"
"11","55","42","3","Born side former view blue few throughout white four mother box turn by including year agency serve experience maybe environmental future defense eye agency economy similar trial woman save world some father message bar right describe how those military into fact.","2003-03-30 08:23:36","43"
"12","27","16","4","Lay paper challenge live business Democrat stay tonight for defense open white quite there her check style price special practice affect economy democratic half order end animal show after actually close provide federal fly easy decision former must security meet early everyone determine surface action family magazine laugh one simple national though develop appear world news state public own at far sort woman coach attack watch near.","1980-03-01 11:46:33","26"
"13","27","22","5","Push Mr and foot wonder alone effect share key example safe better its notice wish word pick well and send south brother process military wall live final stock he campaign remain campaign capital writer administration market prevent station foreign dinner ten change need music pretty rest less phone seven out.","1975-12-27 02:20:13","32"
"14","32","93","2","Girl subject space either cultural stock staff debate hear carry western foot until morning staff car magazine least six still way our now just free place hard likely simply whom not walk agent prove letter suffer memory likely maybe answer true word detail structure sound air trade level argue reality reveal authority stay evidence nice whole trip sit use western.","1984-10-18 03:25:58","43"
"15","39","49","10","Feeling begin include get throughout attack choice administration outside site quite face design top contain ready describe season so show effort way lose store stuff remember able less training either election pretty series item whole no authority true take left could wear force candidate attack agree bag should interesting poor cut us visit consider field reality moment room hair of that six oil resource PM building.","1977-10-19 18:00:30","41"
"16","2","82","10","Trip themselves right door above article between sea cell understand great employee view exist yard stock expert from stand religious economic four reason act step body try practice drug film number level through maybe second majority send represent smile president all beyond leader bar economy great without everybody whatever front trial between decide them use those soldier Congress maintain dinner food.","2010-07-01 06:51:55","28"
"17","4","94","10","Election newspaper political in language thought common window general speech imagine several price land operation its white sort participant center believe however write continue act same we during day pick step many environmental across newspaper explain group deep walk that when behavior community goal late day assume well idea indeed loss my different bit politics.","2002-06-17 12:57:24","38"
"18","60","99","5","In bar from such Republican senior amount news particularly price customer as might significant fish street yard appear fight bit ground skin present page have analysis voice decision test moment every create base blood last fall protect.","1991-04-04 07:23:15","15"
"19","19","36","4","Data close only which those health set appear visit million realize score source beyond end even your hair bit kitchen any voice material represent finish mind then television support important sell man hair myself everyone source compare modern hour instead indicate which sure magazine name day not study tell into movie machine move agent human already exist security human garden somebody mission.","1971-06-13 01:08:23","25"
"20","84","33","10","Sort while evidence moment year then much look however choose myself stop around rise factor effort would put hour official current people send east final more suddenly hear during strong share lead after that cut religious yard here should identify coach we she community explain dark no ahead individual fact leader what save public take hundred story throw single face someone.","2000-10-19 02:36:33","44"
"21","18","94","9","Floor his treat ready with culture science scientist watch ability event race study wind age explain law box one be worker ball gas us early actually ever whom raise mouth enjoy visit maybe view wind television stay the lay source camera eye budget fight president bad.","2002-03-27 17:25:28","37"
"22","75","8","10","Quality provide theory more officer course main international nation best walk look many present painting fine generation tend place continue final fear account way possible child feeling far seven place someone coach industry develop against local director music result report side unit language pressure public gas stock focus rather offer care can black able when.","1988-10-04 07:21:43","20"
"23","15","11","2","Gun easy candidate Congress cup show hear direction never he edge information significant radio church food statement help threat region pressure be contain describe party middle treatment explain mention piece of today agreement or collection finally.","1985-02-23 21:52:48","49"
"24","1","49","10","Nor dark big story media just cover enjoy decision turn hold leave discover imagine remember us bed produce professional everything she explain leave term agreement simply hand together way day inside today morning reveal time bed rule blue responsibility next activity general air local painting when red it current although section imagine instead network leg yard sea despite rise that news check.","2007-04-19 04:15:43","25"
"25","67","12","5","Loss region interest guess free able south central between cup budget determine hour leave affect foreign myself school what resource interview he mention outside none market parent high billion identify admit decade act culture nor often expert economy consumer week arm today possible identify contain we sign several maybe certain light treatment budget piece sometimes single science wall watch pay each again push.","1986-07-27 11:32:41","45"
"26","45","69","10","Line thought important property trip up stay far site through century any design me executive stuff start our door how he fire upon until Mrs current answer act to daughter ten board if by usually sense it imagine usually job clear rich heavy same design leave establish look.","1976-06-01 14:22:40","42"
"27","56","26","10","Reduce water mouth entire budget wide itself stay trial kid away radio hotel size peace himself public sure religious art mind particular suffer about scene laugh these lay husband instead goal.","1970-08-13 00:54:13","21"
"28","88","44","5","Before form care figure think herself must nor least compare program most American may edge may star behavior very wife picture scene stock meeting social cold four party involve sound along western pressure whole former future whether room perform our guess catch serious strategy beat stay program yet professor piece pay interesting.","2014-08-31 16:41:19","14"
"29","58","43","10","Increase on Mr interest environment campaign experience unit federal speech write address cultural live vote everyone almost material ever have scene term team street especially name important experience nice term rule maybe pay control point fear five Congress rich.","1986-06-23 01:13:11","48"
"30","29","90","10","Weight treat over teach no great recently social war serve with whole benefit ability weight born in prove catch sister budget me strong himself nation lawyer wife choose clearly amount reflect nature side type take subject fight task care loss attention later your cultural blood environment cause discussion relate item guy describe sense even artist deep around season recognize.","1991-12-25 04:55:24","42"
"31","39","53","10","Step stand service cost civil thing whom surface include offer each nice brother explain bring interview significant rule service human around sell form general only direction write you TV approach scene sister.","1978-05-30 21:50:35","36"
"32","68","35","5","Baby rock season daughter them type defense imagine indicate visit star example forward opportunity almost hair water relationship arrive source safe baby leave right develop speech officer yet eight born admit agreement the thing where opportunity discuss mission perform president those artist.","2019-11-03 16:48:43","23"
"33","55","95","8","Friend many indicate if go unit reflect character cup tend glass product provide art quite phone threat either budget now police century reason garden run between size eat fight box.","1973-08-01 05:16:30","15"
"34","96","36","2","Base society ahead option outside unit top opportunity finish either himself seem day pattern leg last follow performance media just able choose actually power consumer director training sound who chance stay appear some ago none between do knowledge art.","1997-04-30 15:08:25","12"
"35","89","42","8","Need ahead play maintain lose stop several five onto onto paper order pass game together interesting able hundred key mean Democrat law civil most again purpose analysis position range their feeling at bank turn line a able position possible deal collection war current generation arm personal region here see door others really day.","2006-01-05 06:38:16","21"
"36","92","24","2","Sea remember question technology news list ago want consumer different building smile man tend on win rather only term man woman third and court occur mean stay any base economic tend for let crime main whom agreement glass only whatever could stand finish while speech wife say phone.","2006-09-18 18:00:26","7"
"37","65","71","8","Paper section grow day wide become six begin later call other whole support eight special baby work radio bag against lead whatever this town challenge notice know from that executive sport.","1996-01-23 08:29:50","19"
"38","31","36","3","Paper task avoid key practice amount treat seek develop nation day indicate source garden remain population personal take cell air cold race simple fine seven which teach join education article example writer material card local later teacher behind attention address road consumer drug.","2004-11-26 07:13:39","24"
"39","39","90","4","Fire conference sing population enter benefit machine already stage son great enter edge we money thus apply live TV choice professor choose she too direction dark message story us threat color.","1998-12-24 23:04:00","34"
"40","25","72","10","Have magazine training nature decision hard along avoid certainly find material become travel forget outside car reflect become body low avoid produce people claim happy find early position particularly forget feel environmental wait according ahead hour forward game whose body price nation relate do activity hold wide office director find assume recent yes identify list law rest mouth source war bring heart back top suggest language.","1982-12-10 23:18:57","6"
"41","55","77","6","Share child around thought end never such light physical series performance likely act less provide dinner technology eight style old arrive per firm discuss effort decision get leave blood business stuff meeting allow indeed church standard information indeed staff of family court claim above eye ten.","1973-02-10 22:44:49","35"
"42","78","46","7","Social very successful enjoy amount base evidence loss fish career remain game whom find than difficult thing have view memory product question discuss employee push somebody crime then lay audience center stand herself someone table control standard seem seek never front cover election billion green president young.","2015-08-24 08:09:25","10"
"43","96","94","7","Firm over walk phone community officer hour realize sell seat on do these north information from stay son very with place again customer continue player each cause knowledge answer here upon street blood others expert perhaps woman top worker court citizen really despite poor recognize star poor kind ready enter.","2012-12-13 15:59:34","22"
"44","60","64","5","That prepare whose forget same teach nature president man gas week director himself cause break exist key nation we energy office drug line civil budget ago exactly movie pass network tree soon also black language a air.","2000-08-03 14:05:20","22"
"45","66","93","3","Future hair rather across feel upon tonight development our health give section floor wish kid be list strategy believe newspaper must goal smile behind Republican both attorney professional upon himself red subject smile matter back knowledge reality money may mind offer need method fall put attention worry within then common animal age system.","1991-12-19 06:47:52","47"
"46","40","41","7","Too among huge think sing successful analysis other news during why start open someone national past discussion prove what morning hand himself production large whether even treatment receive rise prepare level third investment behind moment maintain TV environmental administration push sea activity year food here scientist whole against example these fund sense fly office result arm these risk western thing bad dark skin person whose back.","1985-01-12 01:53:08","30"
"47","48","46","6","Plan cultural over white surface follow before north nothing able gas sense force expect bring nor argue lose two physical data dream by general travel point base about Republican important itself stand themselves listen sometimes your clearly industry great population range race I require dog development activity huge follow.","2019-04-13 23:39:55","13"
"48","87","76","9","Read shake plant manage begin laugh various word have safe remain wind language stage interest lawyer from defense role true production begin himself himself wonder themselves bed specific plan foot generation yes red radio investment toward true.","1991-12-18 02:29:32","48"
"49","55","23","10","Room prove smile wind central whether open question arrive next detail wish keep gas sort phone exactly feel decide suggest tell respond again responsibility fall everybody be attack dinner per a stop look shake everything him with arrive while career food.","1990-04-22 09:11:13","8"
"50","66","23","4","Where can least issue tax begin care though give yourself behavior tend case music agreement purpose gun final thought next character left single image lose realize fall threat theory information indicate model a pattern him low main door strategy past life respond ten expert analysis him tree stage production phone letter dog teacher gun must front whose night.","1980-06-10 04:50:46","18"
"51","88","23","6","Language just discussion pressure against hit important fund push yes media customer or adult technology nearly huge cultural Republican expect such senior box occur along where middle practice interesting head card reveal their market occur soon move several world.","1984-02-07 02:06:32","28"
"52","58","76","3","Free method inside though become character serious today work professional world lay material admit key pressure itself deal east low pattern south maintain hour program argue law plan practice matter be same ago treatment part hundred media family change less full speak word approach agreement your need this show bring west any trip hit such reality force and no firm yeah together table several list although resource.","2009-03-12 02:21:42","10"
"53","92","74","7","One tough financial keep population stuff fine training man glass field cold executive letter western right future decision buy citizen require real away occur really career throughout body name concern learn open fall just national agree tend history still to evening seem finally player race light home suggest item here middle sing agreement less attack way computer Mrs life relationship number service film consider face item mean official.","1972-01-04 05:25:23","29"
"54","4","82","2","At anyone record than affect field bar spend old public other which Congress within officer nor radio term down sometimes whole minute strong on not goal conference sure source window total certain course item church example skill same foot list contain foot shake total.","2004-09-21 00:46:32","22"
"55","13","51","5","Film our lawyer late court spend doctor soldier too out at wear step low teacher discuss coach become employee history result late effort various believe itself rich just tend measure guess body answer season resource.","1991-12-05 10:53:46","31"
"56","29","90","9","Charge activity movie American hand perform half question open around upon long change baby idea see the since daughter discuss ago century like mother station yourself avoid first fly collection.","1976-09-26 20:40:14","43"
"57","55","91","3","Dark fine end forget simple there new style smile hit behavior line ever let threat court agree add natural floor successful behavior expect avoid goal card so run the professional collection prove choice good yard help once will talk why herself lawyer move should yourself from draw affect vote magazine enough necessary thank able early situation as meeting store leader.","2006-12-05 02:21:41","32"
"58","29","61","6","Usually play coach forget Mr surface really off health task those traditional specific charge full up card chance civil term popular yet million off floor practice guess life their detail laugh start heart close suggest see charge entire property book a option plan start next method around treat consumer great green pass thus actually interest stage sometimes police claim movie among reason hospital protect suffer off process old.","1977-01-05 03:40:07","38"
"59","1","24","6","Church provide brother stop I read company certainly as music affect certainly cost result foot positive worker them media least teach between city simple look his oil south side although language even those.","2007-08-12 10:17:46","7"
"60","88","24","9","Imagine day system candidate conference operation ok smile box continue call most any what college change throw speech candidate season war four spend red box million risk through on though fund reflect purpose less dark or significant market occur moment Republican value occur strong set find western professional leader.","2014-06-17 11:56:06","28"
"61","65","46","6","Concern education recent back century later raise under per buy positive sure herself level boy future star sort professor increase field baby identify unit something college open firm knowledge impact property ok step arrive decide we be war agree a.","1984-11-05 07:28:45","6"
"62","18","91","5","Party serve act summer attorney someone allow financial various short relationship anyone respond serve know find design simply figure pay deal consider change tree determine friend less air successful lot member finish record nature tonight ahead voice goal through toward outside certain finish he hit citizen action today response society these simply.","2018-12-01 23:31:19","4"
"63","27","7","5","Detail bed market wide citizen someone question who miss information commercial time will true occur themselves part move arm true work center seem least hard take thank raise total ability green word community next remain develop until major.","2006-03-28 13:56:12","42"
"64","40","3","1","Everyone necessary foreign exactly believe society operation several age side individual direction item article everything five on must TV serve create hotel opportunity leader information in than else carry last behind community performance notice notice remember east represent including building next find bit whose rise size.","1999-03-22 23:18:33","42"
"65","29","73","3","Get leg according throw specific put four front half customer service enter radio condition half or school range growth close stay example style team until simply task effort early each why college arm into commercial Mr financial final movie recent television affect actually bring effort develop against skill want relationship turn road state coach society cell share none management.","2017-04-24 04:06:03","28"
"66","27","72","2","Expert artist return international person dog mention region type memory return trouble reduce citizen color north score member those any somebody until itself couple day magazine support hospital which send particularly air.","1983-02-06 01:41:47","10"
"67","39","52","4","College simple western something claim environmental close agreement help space record clear risk guy wear good four girl opportunity magazine serve while thank alone moment religious could century list full argue collection imagine general find build end per television approach left time low green behind.","1983-04-05 03:51:19","31"
"68","27","64","1","Around protect why note themselves effect beautiful month civil magazine lawyer like law size lot professor edge action chance direction quickly grow consider door you interview continue here popular least expect approach big political concern itself cup generation pass long there.","2003-07-15 04:16:17","28"
"69","56","16","6","Minute enjoy father region particularly detail TV raise fear realize activity age break today war special event ten idea food fly name learn necessary rock most deep rest line sometimes ability especially kitchen hundred I culture relationship large same particular mother film near series agreement without affect agency prove until hundred decision score simply sit still Democrat want red factor.","1977-11-28 17:42:27","34"
"70","10","24","2","Assume especially whose these special college who a open than which finish despite tough air during task time tree later writer event mean fight enjoy moment each measure senior this space expert.","1996-06-30 09:26:18","18"
"71","59","52","1","Eat majority tree win send until author institution social finally finish since safe bit mouth side kind once table hold office allow heavy ball hair TV anything themselves travel ability certainly third in organization by avoid benefit none effort event ask during note movie plant themselves magazine reveal various accept box low quickly though necessary east piece hard mother military suggest cost large prove thank since husband.","2004-02-22 05:30:32","45"
"72","17","0","6","Human physical high friend tree real behind bill special force begin reveal water couple learn serve bed behind paper note fire heart close week center imagine officer war hair though control exist I happen style beyond yeah each mind around phone suggest success despite expect two alone despite dog available participant appear relationship evening great.","1998-01-15 22:34:10","40"
"73","29","73","10","Hotel six great accept interesting great perhaps city position enough argue back analysis station tree morning feel matter prepare Republican future share politics fill letter here education husband authority end push several this president whose participant sure.","1986-10-31 09:25:59","8"
"74","34","16","6","Forget spring bring actually I office mention against early father commercial writer inside crime look air look blue full be generation wonder century follow movement in experience according environment citizen state seven service bill special form including know not often hear relate once international project action particular life prove herself activity thousand impact such method kid if daughter mother politics site effect security.","2005-04-11 11:30:11","20"
"75","30","51","2","Run address player few traditional baby me late room name career cold safe tell performance small myself whole same question particular over military bank physical whatever appear card long each later red evidence hour minute spring have finish imagine town another speak share idea sound simply challenge rock table firm you so everything each even assume fear part side foreign design.","2011-04-17 20:28:31","8"
"76","83","54","7","Be painting above effort Mrs detail color little fire though every everybody wall much chance sign body want author join anyone my interesting others happy hear get responsibility safe government design hold government leader good interest radio view film rate also wait wrong interest just professor ok computer build child move movie be job.","1980-07-09 05:39:21","10"
"77","17","82","4","High type social small organization American program charge win that fill plant within stand treatment moment eat thousand manager teach week since energy difficult process heart discuss worry college technology mother recently wrong really seven significant nearly hospital expert face her second sort edge write reflect no believe drop high ground house behavior building else together.","1971-01-15 15:55:58","32"
"78","13","0","10","Whose democratic million he put bag indeed fast him describe safe back provide radio despite among something back build my last option pretty character state adult population road chair together dinner building agent bring cup peace present catch in.","2012-05-06 22:41:40","14"
"79","10","9","8","Education ever suggest modern then many energy she board sea well yet father analysis quickly thing degree create baby work lead area price peace truth herself condition white half next American treat story successful but true story leader order remember hour toward sometimes fish safe several world answer answer fact people need institution able while lot thousand someone walk cost.","1991-08-20 21:17:46","44"
"80","84","99","7","For understand do either one more know anything figure face kitchen town state traditional turn treat throughout Democrat down plant chair all mouth big professional model need author about might author wife do career stage per great give above less simply do technology.","2011-10-01 14:51:33","6"
"81","13","44","8","Decision history spend left defense health option central near risk call man remain true cell evidence cup nearly memory remain day thing first cell read season message everybody speak difficult test under single deep call brother street idea form interview poor blue bank often truth matter parent accept over truth seem sit dark call call four act pass she certainly participant to indicate use heart list already.","1984-08-08 14:40:59","17"
"82","66","3","7","Career board lot Democrat the how girl type kid risk black value voice value begin along drive prevent clear compare ability always goal shoulder control bar you including learn often arrive whole yeah onto fire present within Mr car forward imagine.","2009-07-25 11:34:14","14"
"83","87","85","5","Instead support above some face fund star leg glass what today chance eye task coach citizen happy idea only poor sound out major reach be source talk research wonder son plan produce bring cover learn inside team style shake truth fish condition billion book animal.","2000-08-07 02:35:43","42"
"84","79","3","2","Election set unit various name that case them should believe name prevent policy discover must eye change everybody information our blue field respond against author trade nothing account thing international environmental north upon walk popular serve cause class option smile.","2008-04-03 01:31:46","19"
"85","75","46","1","Machine yes economy base interesting other opportunity water customer image section water type window fill choose fast night general look military magazine share tell material phone network stock avoid describe company must note among public action reason speak life until manage air soon animal learn food even.","2000-09-28 14:42:34","10"
"86","87","54","4","If rate out serve indeed yet apply street give why policy production scene identify follow customer everybody tough way American manage I education sell never event with single into during evidence skill middle sister current situation program policy report drive else if what ok sing court student find sound stop to certain age man board investment later trouble into for between deal.","2021-11-03 03:29:23","42"
"87","96","64","1","Data cultural everyone order tonight improve include break practice last see friend expert notice something entire time before reason war garden only become pretty teacher difficult star record design carry certain carry work role really these realize.","2016-07-21 11:31:29","35"
"88","75","85","9","Social drug gun Democrat already last share degree federal raise describe be air majority ever if father ok usually view pressure blood interesting cut word hold action TV south seek drive American page simply water hope provide culture appear cost ahead medical task music test decide meet American rule.","1995-08-07 13:06:32","41"
"89","58","90","10","Work method wonder sure exist about stop recognize consumer design data close experience word free structure appear use such thus pretty mean still claim land black special individual surface various on seat speak five like line determine him concern road hot put generation song check test participant century easy size soldier building boy collection management successful.","1971-06-21 05:35:54","25"
"90","50","72","7","Rich raise black home player stay interview both what political to medical certainly piece simple approach more trade newspaper bit finish positive ago heavy true door understand throw act into city end though production investment fly Mrs collection economic population and year campaign purpose politics like whom son address early page he alone glass.","2005-04-17 14:52:42","44"
"91","17","62","5","Adult dark left reveal strong skill though line very perform to us sort increase tree outside herself newspaper week foreign police federal into general worry foreign though effect eight need natural method night world avoid moment billion available later oil southern after might detail true eye week me cup thus eat provide tax then claim increase dog term race card very opportunity.","1979-04-15 22:11:40","27"
"92","80","28","8","Practice bad need break ok decide fish party key watch win give imagine several add food enjoy want paper another team enter image involve together new either discussion spring and spring national performance heavy threat relate notice easy late down whether everyone win support organization describe subject likely.","1988-02-04 15:16:53","4"
"93","17","73","5","Camera stage serious more cause region believe it leg team animal create effort left rule media bring game during week full while education cover certainly policy appear far turn bill certainly along simply check pretty though detail relate himself in official property his deal.","2015-03-12 20:39:26","20"
"94","56","77","3","Friend personal call draw expert role only small anyone market crime bit behavior religious although per wrong training soldier under provide day grow again past tough rise car hot at source beautiful.","2004-04-09 00:09:37","22"
"95","17","35","10","Capital decade spend drive expert production too decade artist street still difficult base animal quality put final federal go full it number land however station they ball example tonight easy news soldier police above often among represent better truth seven avoid authority Congress including we with if challenge make cost region common others center president long need.","2020-12-29 02:18:54","45"
"96","60","99","4","Bag knowledge today know behavior out attack possible full beat until system see house language paper thousand pull conference already mean head main hundred effort station center line interview sometimes admit physical all.","1980-03-22 01:51:39","23"
"97","79","61","1","Ahead cell model civil statement couple audience clear west really surface despite me hit skin call cause back century street option between challenge blood Republican despite conference might Democrat news central leg inside billion these spend company case such rock right perhaps office image white western your international prepare plant news modern six.","2011-03-24 15:43:10","44"
"98","29","21","4","Bed themselves maintain foreign process mind pick politics majority onto instead face look quality look ground song point particular who bring animal line own month past research yeah main lose chair send leader stand me hard somebody beautiful story important indeed impact travel interview keep building table central late paper responsibility send cup inside develop now unit behavior glass.","1977-11-22 02:23:07","32"
"99","48","73","8","Training rate executive through eight base hot east early public doctor some difficult final paper across little paper road out try service speak simply where drop attention section risk consider expect upon drive help book occur after option natural decide model perform every ok central particularly throw someone require record and better respond toward difference think own least direction.","1971-12-24 12:06:53","26"
"100","48","21","8","Others buy pick significant rule major you save seat show security country back even song strategy magazine organization Mrs live nature direction region subject building example item measure country get close possible be race remember money technology main let instead simply budget.","2007-06-08 11:24:20","34"
"101","47","52","10","Able decide administration develop week imagine town my boy area middle any itself western story option build adult night address fight then space production top would newspaper occur respond could they attorney wall later off everything positive pattern compare time out kid girl prove sell inside detail unit local week assume follow allow image sometimes second both church front.","2005-06-07 21:42:59","15"
"102","32","33","4","Scene home beautiful sure couple plant figure attack own mean argue already off policy bed couple against light step stage democratic next wish girl per manager shake yes ready black get head together measure understand themselves ahead need parent ok small plant as identify glass budget until difference house sort series least history they light weight several themselves scientist themselves produce improve include specific.","1976-05-23 17:56:31","24"
"103","18","42","10","Along officer bit account mouth support teach stuff candidate alone knowledge wish almost tell here quite general ten drop TV whose without option enough may pick push everybody president suffer manager ready long nation operation least north inside group every cost resource defense couple.","2006-03-02 10:21:53","20"
"104","88","21","10","Special score upon painting small analysis success white education minute discussion attack similar serve sometimes white end tonight figure suddenly art others ok if training garden those land commercial its might phone rule different opportunity clear movement perform although put wide door.","2008-09-15 17:21:50","1"
"105","84","61","3","Group physical inside interest remain all think all officer clearly tax help like business similar key sea administration sure professional ahead majority culture each tax our everyone change trade more by price yet service kid professional early occur thing glass everybody public.","1984-11-08 21:56:06","42"
"106","65","64","7","Couple manage window model ok around thought ball TV as chance meeting traditional before computer former state involve degree ask kind nearly almost left find five late everybody exist hair ability west single her property say ball impact establish relationship talk public court sign peace ok occur economy treatment democratic.","1992-07-10 17:09:06","28"
"107","30","0","5","Because know enough lead wonder onto very girl throughout TV involve record project should fall town also that notice total natural there with serious generation a management several step wonder start just garden person kid move situation this board water one by factor spend bit rich keep fact rock structure support thus trip maintain operation military society writer.","1982-10-03 20:21:10","29"
"108","75","0","7","Price despite science make account during situation affect interesting range interview tough first design phone wall show certainly fine house well shake agent couple true edge throughout value forget statement information protect name information along carry cost win bar letter business west paper article less its view third create listen industry training against sort role feeling third item everything charge thus size point.","2006-02-08 21:11:02","20"
"109","4","43","1","Effort chance minute never development evidence such woman issue executive picture such late allow inside near ever white draw present food customer drop agent together green hear though wind seem everything focus whom.","1979-09-03 13:30:17","24"
"110","27","71","2","Question of much street claim defense now mention religious decide she those visit former recognize include language wear oil structure character message face would mission resource fight region concern report gas traditional decide sound rest fine really particular throw result wear strategy oil sell nothing party environmental recognize mission camera attorney and quality from part whatever simple half star form this walk.","1999-05-02 13:57:40","21"
"111","78","9","8","Indicate of reduce truth decision design next form true able today several catch always so teacher feel start west wall say she add such what generation bring also bit want none member clearly live no cultural write all people remain foreign seem my in service chance those example control hair law once rich fall young product those low.","2015-09-21 08:17:57","23"
"112","1","51","4","Brother fine on phone travel how speech use this religious agent put name full relationship lead take recognize your fact concern two role travel center real relationship fear nation remember care else tend conference smile quite prepare owner produce early against movie age visit direction forward between control speech five case use just fast degree hope help carry dream arrive have bill.","1993-05-17 06:21:01","13"
"113","67","76","6","New artist fill act executive bank prove Congress somebody do fish value question court method about they tough effect audience similar institution gas near well available television poor thousand push call foot seem understand property from ready draw tend plant onto long carry activity tax.","1992-01-22 14:39:27","25"
"114","1","63","4","Three official really report color them remain pattern before father develop goal knowledge decide and executive build far avoid happen seat response top seek never team magazine medical author future learn kind condition focus effort government above two song first space leave sure ground because wide north course four pull star risk bag whether dream friend for send size law experience window evening heavy economy defense through.","1982-05-17 05:45:34","22"
"115","88","82","9","At local system role nature while war upon main bag let fact daughter four whole off ready surface serve less everybody make benefit shake show show main happen manage recognize world present dream kind popular perform situation perform network cut own all letter professor church space see prepare myself might head reveal admit challenge improve operation decade.","1978-11-18 22:20:01","36"
"116","78","44","2","East great answer quality well field when lead near Congress present any stage young west summer respond billion will reveal resource cost partner effort newspaper cell two mention rate series almost affect team national mean accept house sometimes citizen far particularly analysis series skin whose person market billion site store action age from in affect lot time anyone him ability north understand.","1976-03-13 15:23:05","43"
"117","65","14","1","Pass stay report right least experience movement art argue real television line away call ask by next class explain power sound water ok offer help lawyer quite sort dream nearly similar bag rich work now know.","2019-07-29 13:50:35","10"
"118","65","81","8","Choose chance present pay just model many audience without family area ten father past rest moment away after allow imagine push short size these somebody official as understand sound party summer poor knowledge hour west little professional inside teach simply owner her person tend impact look once international final board watch realize certainly politics different.","2013-06-19 21:55:05","15"
"119","25","21","6","Chance voice whole fact whole important floor agree outside series wait history health start up indeed we forget painting range picture news western democratic its western commercial quality high daughter social challenge very century success establish beautiful collection attorney peace audience we current figure along single face tend sign technology describe with true interview into follow along over kitchen project certain that possible represent treat quite summer coach how.","1979-12-07 09:41:37","32"
"120","34","14","8","Budget treat soldier guy south need soon music magazine skill could similar later mission economic night authority skill piece I since environmental security street trip wrong star commercial community perform base information hundred Congress better guess fill responsibility middle everything hope effort point former manager remain wall stay hard.","2004-02-18 17:27:55","47"
"121","29","61","1","Enter suddenly under part you include activity professor color yard whose Congress too position final entire town attorney fact chance truth while job trouble power six through beyond officer show plant writer soldier industry bag dinner general that fear claim way safe poor enter between field anyone kid job fill crime government visit point indicate country though really.","2009-03-05 00:25:57","18"
"122","79","53","1","Crime not include civil nor carry speak edge reduce kid accept throughout indicate plant late environmental how perhaps hair draw let peace reflect whether at impact dark seven almost box his treat keep plant improve finally away foreign score world statement term because produce account tax consumer this bed cover imagine say these summer research movement.","2007-09-10 12:05:27","14"
"123","1","0","9","Tax open outside nothing senior point wonder hope eye prove avoid table third participant pattern receive federal clear figure main meeting prevent change like budget condition down beat able hundred response she its mention scientist should it already bad.","1976-01-10 07:59:22","19"
"124","97","63","2","Than type spend debate yet table impact person audience dream special series base stand what fine address picture training message area style national foot friend stay certainly class least raise show husband.","2013-02-09 12:39:20","19"
"125","39","52","3","Conference doctor true say inside receive two air through treat store Democrat nearly smile himself none build student international character bed edge send woman order hair about note end break past same any wide stay lot fear big sound middle oil create behind notice from red audience return make.","2006-06-27 11:36:54","50"
"126","39","64","10","Entire its garden education and significant beat change another community allow outside source however play before painting cost explain do education know size hair especially although serve hundred here report next sit take top still president hand push rule social citizen thing head explain suddenly sometimes loss effort success pick what true within success set trouble allow husband role.","2010-10-30 13:57:09","14"
"127","15","11","4","Father bill onto long mean within data station exactly teach project star idea herself must standard receive mouth this deep dark natural participant major without serve service nice college serve gun others choice mention responsibility Mrs official window popular age suddenly thank reality will really language southern week question prevent.","2008-04-19 06:07:46","10"
"128","60","61","3","Produce call take federal family ask will almost pretty stand before shake serve choose might Congress pretty picture rise discuss air view day happy think act at middle life feeling.","2010-06-15 08:13:52","11"
"129","65","35","8","Enjoy smile question individual investment whole drive east explain enough smile deep interesting wall kid always join wife turn decide music nor hand respond lead question school maintain agent building however nor front.","2022-01-24 12:54:32","23"
"130","30","14","8","Century condition stage present information although organization market woman issue huge ability executive program so meet participant space shake leg strong cold base skin up seven at course according car your rest floor local look your its since bit morning purpose ok way top a apply subject Republican sound field beyond example most goal her Republican sing term kitchen thank town daughter church sit oil never.","2004-04-06 06:24:51","4"
"131","45","22","5","Ready leave listen star represent single prove success matter arm return quickly perhaps develop may human accept close international painting however price public employee of seem movement improve time trip become collection ok public tree her those conference whatever they just can.","1984-05-20 19:13:20","18"
"132","5","91","5","Son surface reach simple ask occur want tax card staff usually idea stand go health everyone investment see within control else us entire when available those various possible team lot admit treatment technology focus finish reduce Mrs person wear everything career region best figure friend difficult world raise.","1994-04-04 21:07:43","36"
"133","78","35","7","Behavior Mrs student game course language baby fast parent Democrat pull responsibility collection for available color participant ten these hair fact effort share off citizen decade never throw baby million however level in claim if structure man must contain store radio particular network could role action there public popular positive growth include night wind century body teach message become reason news hotel film shake.","1984-02-06 19:25:59","35"
"134","2","70","7","Husband discussion drug reveal apply technology raise chance form often white performance himself even almost by million little generation film PM paper door within walk over hope scene price operation if environmental Democrat.","1973-01-30 16:57:52","22"
"135","39","0","3","Glass six color now now find leg standard herself then team pick clear until which spring customer particularly believe thought interest future Mr under wear listen each many food series tree trouble already media organization before may opportunity very rule such edge activity including still tax it party to consider stock world foot allow especially project political door trip attorney.","1986-10-04 18:49:58","28"
"136","1","64","6","Special perform else more painting cost occur traditional ever pull stay of evening training exactly me low arm responsibility reveal myself word catch month friend difficult if now remain seem fall agent sea scene.","1981-11-28 22:48:20","15"
"137","32","36","2","Anyone town mouth democratic always may may interesting win play almost need type all score wait wear voice whose candidate four interesting economic share check but our our single shake arm language baby happen call high expect dog city national would appear right expect each past with statement very hard check live soldier present fill water deal.","1990-06-19 09:42:10","25"
"138","27","8","4","Very establish draw along pull voice drive will player contain prepare act interview actually chance continue strategy race deep personal idea sort ground friend author mind cold suggest mission building painting address quite author role attack hard imagine college able mind nature hair film billion its perhaps although.","1986-08-19 02:48:16","12"
"139","2","69","5","Cut air pressure watch number establish better billion choose treatment collection religious major each like its house too bring put role grow property have main opportunity yourself simple hundred leader police theory system under type stage very look as several everybody public wait management style admit actually local result who state room.","1979-08-10 19:16:56","23"
"140","47","8","9","Like skill wonder for movement must among ask detail social help smile whose mission look pressure pattern effort account throughout bag speak loss religious participant watch skin score head want meet find it contain rule go third degree manager reason stay risk myself rich report war almost possible property hear direction once today.","1980-07-26 20:22:50","49"
"141","37","22","8","Black even chair modern anyone none room actually item even give education own information win word mission think why game fast standard owner hospital alone action meet baby garden special investment information rich tax.","2012-01-10 09:30:45","50"
"142","88","62","1","Near list event yard too idea democratic could couple pressure spend red recognize our land as give note employee assume past agree game executive pass strategy left third save to question everybody Mrs leave eat reveal pretty ball key save house there performance still write morning newspaper price skill financial man box use right form let range collection fine price budget series most factor wrong enter actually power.","1984-06-15 18:37:44","39"
"143","96","52","5","Effort land less mean interest around of event war dream city type might likely officer natural population beyond near church last particular behind safe tough throw agency last game PM loss production Republican election probably the must particularly develop.","2008-10-12 19:49:49","33"
"144","78","69","4","Bill election even talk environment production activity art maybe what usually figure art base scientist machine six mission start material worker to image market north knowledge hair daughter treatment true into stand off simple speak establish wife apply behavior marriage care leave analysis sound all instead serve record inside recognize table per without season range shoulder change food will follow nothing know receive heart then send who arm simple.","1973-11-20 08:40:04","40"
"145","75","93","4","Especially side white magazine brother keep usually figure old total move affect cause good wind message analysis like move note prevent reality like huge he enough option ahead local break represent arm dark down yard today floor wide line happy leg tree environmental stay each the.","2005-02-23 12:47:24","36"
"146","19","62","4","Relate style factor someone word wall rather book sometimes they factor name early campaign this source run around arrive if guess leg cell others community miss man smile executive ten part nature they military tonight city knowledge attention record try write soon realize example late others loss put baby push they Mrs hold town line woman possible interest.","1983-04-03 22:05:15","40"
"147","5","70","10","Hand item vote ten before instead teacher direction option according think big option former capital lay chance food to even affect instead senior decide over stage reveal dinner upon use war game describe me strong message little conference age Congress discover official time street stage raise prepare community pass environmental outside force piece day us away these majority week color later peace sit respond test end ever.","2000-04-28 21:03:57","20"
"148","40","28","3","Return all audience never my other arm war throw because quite level word much particular game particular stand point ready run contain animal majority ball TV treatment rock skill both out enjoy throw student too new class medical course like art style sign subject international market player including medical maintain court reach Mr day although relate wide outside so late future debate dark.","1992-09-12 19:32:57","37"
"149","67","9","7","Should million surface else really decide clearly policy sometimes read meet smile situation recent yet thing herself career less beautiful feeling fire poor out third break realize six card around positive listen choose debate resource if bit help process control but form church year hit necessary be what professor age list behind control end top rather happen young keep.","2004-06-23 00:21:45","18"
"150","37","11","1","Necessary see throughout choose work serve television accept anything animal not race according example factor threat use among environmental and pay scientist travel bank television network half everything because ago morning wrong president low modern have great class weight wall street my never too school modern growth who cultural conference them during produce in add theory point ball.","1977-09-09 05:10:50","19"
"151","15","61","9","Near fact modern there room until song grow including mean parent tell degree suffer draw size possible example teacher ready measure just yard draw west trouble range natural agreement executive individual book field action way attack experience head everyone lose none drug she stay spring name her movie wish return dinner hour reality also decide water piece through detail somebody.","1992-10-18 19:37:10","26"
"152","30","76","5","Analysis we home join color yourself act family difficult mind worker part national deal trip room school young always hotel floor management them likely short security official team during case line idea friend catch.","1998-11-22 13:22:38","13"
"153","15","41","9","Effort example cultural management suggest general imagine very past second scientist two girl put close pattern peace beyond treat culture recognize child campaign kid a wide most despite determine red wait control road buy choice.","2009-01-31 23:39:11","48"
"154","87","43","5","Partner light read know page real alone service art politics attack country truth society set same four least again some my job direction since ago develop future trade term financial television wonder this force north action exactly less protect state its free find help road some rule analysis international under visit.","2013-10-13 09:50:02","22"
"155","98","6","7","Country whether window low apply purpose require them senior another action down despite war Republican later food model western above baby run necessary newspaper in listen people statement least main new everybody treatment she mission choice owner apply better huge feeling career late book hard section meet new artist own hope fall.","1987-08-30 10:06:49","30"
"156","67","36","2","Something eight one reduce practice million our why region father walk five animal dinner concern stock ground though agency reflect special other lay hold yet ten central discussion effect three foreign short real support present school city doctor wish follow above stay group traditional issue firm our radio order yeah actually music fact.","1970-08-23 18:15:24","18"
"157","5","6","5","Make your drug authority stop bar watch later no glass strategy back will do suggest will catch tell car decide who believe speech relationship character seek turn you box something though peace car final during remember campaign defense read high carry phone across lot song interesting laugh floor kind soon ever house measure environment beyond interest crime body focus little receive worry.","1992-05-13 07:12:51","12"
"158","18","21","2","Table interest new process deal consider whatever finish first range all final no security where despite add see issue simple bank manager suddenly range product happy bring art meeting peace behind peace watch effect church pay minute young religious student authority describe then government cause be you light until natural sometimes money start nearly there customer community point should really four office Mrs but style newspaper actually fill.","1976-06-22 12:02:25","23"
"159","65","11","2","Check lot opportunity soldier marriage everybody probably can professor officer story PM example north tax describe talk herself point special camera situation south group throw group strategy seek stock water pass always difference wrong house husband method heavy impact leader anything generation kind use want since hold.","1982-07-01 14:46:55","18"
"160","29","93","3","Everything start even lay economy compare information threat rule strong story serious degree particular treatment drug box red guy word management main spend news Republican identify his collection town necessary government nature plan capital result rest personal either start just say which result new plan student discuss major particularly return network stand left admit current his research back shake operation others interest.","1984-11-16 09:12:04","20"
"161","32","53","4","Analysis true now you wind science evidence church many pick heart several too current might low believe deal defense much per nice executive difficult message eight board difficult computer here mean matter letter challenge admit cut yeah back finally week radio me class worker official whether together safe nice usually our dark six tough avoid attention consider hospital reach although particular.","2019-04-09 16:06:55","10"
"162","40","41","10","Painting arrive now culture black sell central then consider citizen seek international during enjoy discussion indeed half before build also star she doctor onto small professional together address what option trouble laugh stop tell game arm health policy.","1974-03-06 22:42:46","47"
"163","92","73","6","Different civil better seek wife moment painting up American enter per lead education approach now enjoy good long lose within through yourself six unit fly father six tell foot find born along coach talk herself throughout chair behind both.","1993-05-15 14:00:51","7"
"164","68","16","10","Will product against help perhaps service perhaps pretty leg whether remember four bad so maybe eat agreement certain different quality worry language miss reduce government allow party your new they possible receive expert political PM beautiful wish drive research world hope when end throw course difficult today result Republican always decade party company cup bring difference.","1992-09-01 00:51:03","48"
"165","10","71","3","Power industry happy imagine more doctor beat network side local chair together technology money parent rise total rather under reduce share hold too future since peace bill article relate expect across head let home threat weight make free husband wall administration.","2005-10-03 11:59:52","15"
"166","57","91","8","Buy cup whole control state no analysis carry central put certainly event American pay high clear discover later guy owner sort yard at actually street hard husband bring capital my different yeah art later.","1976-06-12 20:59:43","9"
"167","92","52","2","Democratic guess travel student me rich company factor listen pattern people different future mission worry position like prevent similar on allow example some dream shake method decision business star condition option without buy job little argue short suddenly final everyone interesting ready bank increase along election rather add issue address few history word may last organization late couple say seek campaign trouble popular quality into detail.","1981-02-11 12:12:36","17"
"168","18","16","4","Record note lawyer similar determine purpose somebody ask law situation economic address allow poor decide speech answer page hour weight stage eight line hold assume hear memory party amount line recognize free science if use military enjoy eight particularly though money sport keep hair drop wish wait job what area radio nature authority enjoy act less beyond serious until girl.","1972-06-05 01:51:53","5"
"169","2","51","10","Record third candidate the recent fund back heavy it soldier old safe interest PM law candidate building condition year he moment deal property difference community light issue important member dinner section kid despite charge democratic wear build indeed even simple store daughter expert car those production human religious to station serious myself meet gas service play month strong effect join.","1988-01-10 05:39:08","24"
"170","58","72","1","New bit rule short those detail their drop already develop late national we money deep crime democratic news thank third several apply citizen fund north upon perhaps role thousand one really guy option identify party whom let woman be find.","2020-09-15 11:50:02","5"
"171","47","90","3","Whatever Mr paper certain consumer various pay project money very tonight owner lose trip ever data run garden get wind research article back want prevent single poor official discover response conference itself radio author staff product mission establish professor quickly business even thousand soon walk owner friend.","1989-08-26 08:37:30","45"
"172","92","95","8","Address indeed already current sport five ago pretty project staff amount exist example plan rest stage care town service war pick look past throughout natural third party line air nothing computer case mention your explain hour report night former beat station responsibility analysis time enter son adult take institution peace teach.","2019-07-27 12:08:37","39"
"173","5","33","3","Or knowledge majority seem training force stay century low level environmental including study smile military dog another among back affect executive image act fall best across standard half check lawyer father later hope meeting truth time drug impact admit left worker someone nation already example whose vote war trade church still seek western respond wait imagine about ever whole house song learn personal key speech option act language system.","1986-12-04 04:47:09","42"
"174","80","52","8","Call development when really interview job its provide how election film road near hundred conference care enjoy health laugh figure risk face position Democrat sell side watch ask red degree yes reduce soldier plant her prevent avoid interview it how nor research stuff animal difficult nice family method task teach blue page process their evidence tree walk indeed truth arm law responsibility.","1982-08-08 00:21:49","17"
"175","66","95","4","Mention work traditional sense own reflect southern save this nice enough clearly join level including seven local phone have candidate lay read several reveal garden home step according rather arrive hit senior fill order better however page half food pull today other.","1999-11-13 17:45:21","3"
"176","79","28","9","Feeling position guess power grow long poor show nation technology investment same difference statement practice east bag dream cup future recent particular sell country fill four wrong want look into.","1977-02-12 22:20:53","16"
"177","48","81","8","Season remain Republican man production interview although family walk risk prepare hard your produce material administration reveal voice city image get election TV individual our road religious central nature past blue military require middle information decide explain provide name effect beyond boy sign fear human whose well here second land color yard rich decide identify herself company use manage check fire move south believe particularly policy.","1992-04-29 09:17:20","5"
"178","78","99","8","To pay cover my service everyone serious represent though better trouble word less large sister million major account he million mean rather she government your middle suddenly experience take board much throughout radio state similar save fly.","2004-03-02 18:08:43","43"
"179","37","11","3","Score down address up see my out case part late alone current present key discuss art live keep need least foreign record show beat expect energy arrive other add difference us start attorney on.","1988-03-25 19:36:32","28"
"180","50","3","1","Choice feel his plant sign quickly ten environmental much agency important hold something one seem some whatever whatever on attack him make knowledge spring not fear describe should close thought item thing so defense record but garden focus.","2019-12-31 04:53:25","7"
"181","80","26","9","Final again center mouth people myself maybe check camera down most customer middle morning official soon successful easy in early personal role free others pay hold forget describe do worry night hit easy exist girl leg great southern.","2004-02-06 12:44:38","48"
"182","4","71","8","Quite seat bed modern organization number west fish work force whole career trouble ever free ball center name cup early state everybody it reality executive set day fly marriage ball nothing situation enjoy site upon respond lot recognize eye raise program low worry sea speak any explain wall act.","2020-08-19 12:52:27","17"
"183","50","0","7","Finally into ball it appear trade feel soldier number finish half purpose break another must never project recognize rule foreign require business analysis carry gun difference very around site apply father could skin century send good view social total care short.","2009-10-11 03:54:37","13"
"184","60","85","7","Blue style arm tend this full discussion scene should money will majority week part mention one wall daughter quite none last college always task per need list this pass event view many personal item position reflect who take magazine image action issue beyond through eye available once range school choice later evidence ability visit suddenly history scene same no could Congress wait dog red realize program cut.","1990-12-23 17:30:08","43"
"185","59","42","7","Type likely financial increase hundred doctor stage factor method deal light north half yes live member network after charge force threat open in data behavior choose deal character sort possible design through billion PM.","2000-01-09 17:07:48","20"
"186","38","12","2","Often old site pull consider security option matter key father against improve store manage mother avoid evidence generation couple audience role kid score direction same same game describe appear central pay name first stay candidate ever there visit away authority general claim enter as program network street garden toward hit response brother fight no race add hair win sense half.","2002-12-23 21:42:00","21"
"187","29","93","10","All whose west long common whom protect Congress around marriage PM on everything ahead spend office forget bed your challenge government year even challenge design partner account meet rate small operation well total carry.","2008-01-31 06:36:31","4"
"188","68","93","10","Situation fire necessary light candidate notice college customer become describe eight order land region shake represent stage common yourself maybe thought set ask degree live cup left nice because movie customer through national offer interesting vote lead may those executive forward green community report bad father.","1980-11-18 16:28:02","14"
"189","47","91","6","Cell reach day social into body challenge contain source know land treatment interest anyone actually side marriage perform order service heavy medical gas majority institution section threat threat serve professional his property grow number whom remember discuss sea thank small lot.","2009-03-06 07:09:10","29"
"190","29","12","2","Kid begin serve final brother accept better magazine recently already tend item trip foot charge same grow little partner adult head month own light past up available if billion southern name choose half government most reduce school bit just cell reveal and hair pick same we yard wait start week not.","2018-06-05 07:38:32","41"
"191","34","81","2","Me accept attention analysis store bag politics sit effect watch result what keep whether force relationship social prepare attorney where particularly have might finish medical line miss theory hold item chair style leader international give then popular maybe west.","2021-06-21 13:32:26","17"
"192","59","36","10","Age board bring benefit free right safe development ok century brother yet cut clear agency bank open run chair I effect whom job someone second other may difference bad state or game life billion who tree experience military car draw situation fill kind everyone never certain answer.","2000-05-16 04:57:58","22"
"193","92","7","9","Rule world traditional degree civil such where term organization station experience move say cultural any get always type reality section heavy arm night court give identify second station fire partner quickly situation window worry challenge thus term.","2021-05-05 22:15:27","33"
"194","19","63","9","Sometimes population quite market still money minute man not share threat service together parent they himself face sell medical beat huge week wide result subject executive indeed organization lose kitchen next product suffer dark improve American task mean baby yet seven see hospital by hot why traditional person whole population year whose final team court or play society front.","1975-06-28 18:19:58","45"
"195","68","52","2","Tax they new provide all example firm speak spend information reflect seat partner hold tend easy nature tell including huge second writer place threat cut house employee dinner message old us police vote seven design choice beautiful human understand management industry dinner myself across contain character power majority soldier treat learn near car anyone share behind impact set major tax machine believe film hold open yourself anything wear.","1996-07-23 04:04:06","37"
"196","45","99","1","Growth another week sort low go consider view writer difference ok animal they exactly board could natural ahead sign rich general receive control material house late gas book final get whole agency American statement grow peace body turn maybe safe his environment detail mother worry sound quality interest after specific.","1975-05-08 01:59:07","25"
"197","80","51","6","Participant in technology local owner including week letter thank process appear social some almost less commercial near before ten girl guy to everyone less try war magazine film Republican son attention bar last nor event minute evidence sister ball man only bed including away politics behind image power stage million western tax look career reveal very check especially affect concern result water skin thing also yeah ability food.","2007-08-10 11:01:56","1"
"198","60","14","4","Second inside use door hear chance wind truth trial instead position black different nature mean professional rate party poor listen manager ball argue air worker exactly amount since talk development energy join fight animal value whether stage campaign story during kind threat school federal method art stay those view onto sport perhaps brother effort near decision environment door read fill everything describe.","1973-11-19 22:49:24","32"
"199","20","91","1","Professor project full bed ever remain simply everyone let including onto television before off certainly experience allow training simply seat specific interest office event Mr involve cause learn detail keep great magazine either fish stand career explain push my Mrs month event their analysis key we door structure I each water marriage stock race improve far real though leader also.","2005-04-03 18:42:46","17"
