"0","jordanivan@yahoo.com","pbkdf2:sha256:260000$1KeWbCZD6RI9dR8u$919d1d5074090b5013963b17d61f019636f6261c18fda2311bdce31221f891f5","Sharon","Thomas","1","8132","112 Collins Brook Suite 551
Brownmouth, FL 49845"
"1","joneslori@hotmail.com","pbkdf2:sha256:260000$fv6rjVe1EZ9t0nmg$63a09b4a455e225f3b5b959c552c85a9e98964c780c2461fb9257e5a4d6dad5e","Richard","Cohen","0","1690","0262 Herman Underpass
West Brendamouth, MA 92782"
"2","john15@yahoo.com","pbkdf2:sha256:260000$CQFehDUv2ZdJkJDc$b8efe73dbb94d01fc98a27929271b0214141a31c40923d1ec48b3bc1e4d4e0e7","Douglas","Williams","0","6755","694 Douglas Shore
North Joseside, OK 50095"
"3","terrellrichard@hotmail.com","pbkdf2:sha256:260000$927qvcoULUk4u2k7$9f447feb693e843ba29a432e4eac5ead32386c68e0a27d998802043bc1d6406d","Amanda","Carson","1","5138","7886 Melissa Freeway Apt. 189
West Lisaburgh, NC 96463"
"4","kevin92@yahoo.com","pbkdf2:sha256:260000$HFf2STuGk6edcxEh$58cc69d0ff7ea747160230069bd18edd31721c083c622c3fa31eb0e077ef7e4e","Amber","Wilson","0","3458","47763 Amy Hills Apt. 668
South Larry, IA 93340"
"5","nmendoza@hotmail.com","pbkdf2:sha256:260000$7f9S7H7FgSaldePI$17aacfcc3e0e6146bf88534918d0c37e3e27cccddec6c09fe588a1acf1f025ed","Derrick","Lang","0","4365","172 Hannah Knoll Apt. 448
Millerhaven, MS 51313"
"6","ricky11@hotmail.com","pbkdf2:sha256:260000$WaChUYtm1floj3e7$536e3b9077add5d0a7cb38ad196334271c0cafc2b55ca25ad5b22424a6bf831a","Amy","Weber","1","6611","Unit 8390 Box 8913
DPO AP 77770"
"7","okennedy@yahoo.com","pbkdf2:sha256:260000$8CE4fK5nwAVLsKt4$9c40d068ad75454cc412ad6936a017463cd0992b956f3744da9b6ef5e46f5622","Andrea","Chen","1","7850","6618 Harper Tunnel Apt. 324
Flemington, ME 90292"
"8","allenkathleen@gmail.com","pbkdf2:sha256:260000$JZSHQmtRnfQWdMwe$678dcfd09f203bcd15ea7747ae6a77e0ff9deba9ac4388284fcfda37e73749a7","Veronica","Johnson","1","1346","PSC 8841, Box 6961
APO AP 92667"
"9","kaylamendoza@gmail.com","pbkdf2:sha256:260000$OsAOe4mYwKYA1jXe$4f946cf03d40d5c001e7eed541400da91f948f7f95e99a1feff6ca106033fff4","Alan","Robbins","1","2834","17557 Patricia Plain
Port Michael, NC 87553"
"10","rebeccajohnson@hotmail.com","pbkdf2:sha256:260000$O2NkKAvQehsp0Ico$24e5d9a174c4a34a7650f71a911931daa571a793e480c11e23dddeb3d46f6aed","Donald","Webster","0","7554","938 Veronica Row Apt. 572
Johnsonton, TN 01136"
"11","ruth30@gmail.com","pbkdf2:sha256:260000$YOtyyTqi2enmvrpW$272c9b9512a31890cef7da979d61743dcad1b6d47375b0aaccd64330ec4b0f9c","Cody","Davis","1","7830","13090 Preston Cliff Suite 415
Lake Manuelmouth, AL 03806"
"12","amyhudson@yahoo.com","pbkdf2:sha256:260000$ITIEVeoOrFReuUV3$a926e9312c9529372ad32dab61403757c97eb14b3f5688181eb7ab9970c6be27","Cindy","Simmons","1","7539","513 Ryan Forges Apt. 996
Clementsstad, LA 69491"
"13","millerrichard@hotmail.com","pbkdf2:sha256:260000$xNeBmAtrheRreo1o$b5e9dfe7bcb0196771952bcb05f51788b9d4f65dd4feed3a0822634ff8bcb92c","Richard","Abbott","0","1969","565 Rodriguez Throughway Apt. 790
East Christine, ND 86256"
"14","crodriguez@hotmail.com","pbkdf2:sha256:260000$uLfhM1MIz4YDoYjX$a7f03b9677b7aa3d28296019096346c0f04ddceeeb655b55819e7ecb08693d4f","Kyle","Steele","1","2124","543 Christian Corners Suite 657
South Ashley, NY 64591"
"15","ewang@hotmail.com","pbkdf2:sha256:260000$3EJvr4t6sv9StZIo$35307ef138b56c5807d3c2cbccd45b4926fdcce8cc020fd9c899e80a3f0375bd","Amy","Bauer","0","3327","231 Mcdonald Station
East Robertfurt, AR 93688"
"16","bishopkatherine@gmail.com","pbkdf2:sha256:260000$vc4q6oMXGoSilRAb$b8ced6f5b236cc02b0ebbe47816ba587638b0d0adde1a7362565ccf1fbbefb83","Gloria","Kemp","1","8094","4078 Angela Mount
Brentborough, AK 31607"
"17","webbdouglas@yahoo.com","pbkdf2:sha256:260000$fMiKWSumtsBXigi8$dc8a09e13ff11b43d054ddaf4ffb77b451a537b59321e4892d4f3f4942032d29","Karen","Madden","0","2369","519 Andrew Corners Suite 679
New Karenbury, WA 82346"
"18","iheath@yahoo.com","pbkdf2:sha256:260000$vlas4LzPHWSWtkh9$0d73230a60fa54e074c38527f97ed1445e86cb86ed3978437ab40c35516a52bb","Angel","Bright","0","1618","605 Michael Falls Apt. 259
East Michaelport, KS 15987"
"19","brandyblankenship@hotmail.com","pbkdf2:sha256:260000$7islXoFAFv13gA0f$ab8e4aad8dc3f247d852250fa342104b4ae3dba692b5dcc5e681e493ada2b568","Sarah","Blake","0","7597","453 Callahan Route
Gonzalezburgh, RI 44433"
"20","michael38@hotmail.com","pbkdf2:sha256:260000$s0tmOoSWWlyduoJ3$894c1379127cb5387f1920692d4ed9ed2b1c3c7d154c287d7ab076cf4574a7bc","Deborah","Davidson","0","1055","139 Emma Trail Apt. 422
West Amanda, SC 29601"
"21","andrewjones@gmail.com","pbkdf2:sha256:260000$5CyrlxNMgDqbZ99y$497269e183217a41e55a019921426262f940d633b18439406338b205c8057d9e","Anthony","Henson","1","6080","1310 Phillip Turnpike Apt. 351
Jasonton, IA 54113"
"22","jonathanhernandez@yahoo.com","pbkdf2:sha256:260000$o5unzYHRsjT6tkbi$55893e6b33e26a2c788b8905f8301719df17123f6bac4d94cce6d80836bd16bb","Patricia","Hall","1","1904","17993 Christina Hill
Jasminemouth, HI 16183"
"23","ccollier@gmail.com","pbkdf2:sha256:260000$Dpha31FqHAulSsWW$d302ddd107dfd00393927757bb3a7c20ddddbef3ad8312c3542cdfd974cb70e0","Tamara","Sanchez","1","7625","27613 Steve Lock
Toddburgh, PA 76205"
"24","xcallahan@hotmail.com","pbkdf2:sha256:260000$ndTwBRYaoWkrHNiS$7b4c569f590b48baf77bd3194625332dbd88cea7eb27f98ea8ff038cea6ec2d1","Kevin","Stevenson","1","7494","677 Becker Loop Suite 982
Roseport, SD 25170"
"25","stevendavis@yahoo.com","pbkdf2:sha256:260000$W35Sm9VPL0rdz7z6$83a344463bc61beb816e26f4b461d0c2bb58b205ff7b852a27a7df307a7f4c23","Elizabeth","Vargas","0","2128","9667 Tyler Groves Suite 768
Hallview, ND 79051"
"26","garciajeffrey@yahoo.com","pbkdf2:sha256:260000$IWkaPdQQqK2ICQEK$545ae4864d555870613baa2da47b37a69cc4ecad5c3004c71ad3ef63de4b568e","Linda","Perry","1","3612","21213 Brian Port
Thomasland, MI 57889"
"27","pwright@gmail.com","pbkdf2:sha256:260000$0bJk1yaWT3vXlXdP$144a15cf5a987eb6342be23dc4e87b43a4a8db97905fb20222b3514b2099eeba","Lisa","Wright","0","5083","207 Melinda Run
Lyonsmouth, HI 81461"
"28","stephen47@yahoo.com","pbkdf2:sha256:260000$b8qvRtwNBgWPqsvE$d907f3875efb6e7d8051113c763cb46b24277416eff1f642af5d614ccd7737a6","Janet","Phillips","1","9074","Unit 8157 Box 4191
DPO AE 67687"
"29","kevin75@yahoo.com","pbkdf2:sha256:260000$IuUSr1e8ngWfAXmv$5d76794fc3ad045c617497b5c383ac7202fd8f6ca6aac91ff3d94dd506753f8e","Maria","Moore","0","1513","8341 Sandra Inlet Suite 832
Gregoryberg, WA 07499"
"30","fclark@gmail.com","pbkdf2:sha256:260000$7KKleHM9PWG58Znt$766f1dfa335101c661024d547ed6067217abfc3ff7b445bf5a7f861a7b334aaf","Victoria","Trujillo","0","1732","64932 Gardner Route Apt. 368
Garyfurt, MO 21367"
"31","johnrodriguez@hotmail.com","pbkdf2:sha256:260000$Jc91xjGfXFnBum4l$d78b385650b903888581528ecc4ed6dc4d321b6bae9641e62f28e25c5f652a98","Christina","Williams","0","9964","1456 Mark Parks
East Jeffrey, KS 20354"
"32","collinsanthony@gmail.com","pbkdf2:sha256:260000$aaMwBgpcMvW8e4Bl$9557876a7826e269bd0d7c07d68b94cbc87eb17131f75a6f05cbc9bc36d83ae9","Tyler","Snyder","0","2720","7954 Rachel Falls Suite 642
West Katelynside, WI 46612"
"33","michellerasmussen@yahoo.com","pbkdf2:sha256:260000$ysidQdXxOSn4asqt$7192293fc5cb80e35010d80423eaebf4d5580ad197f04dddec03bf1452f0d34a","Michael","Smith","1","5320","300 Moon Rapid
Watkinsmouth, DC 11785"
"34","brooke91@hotmail.com","pbkdf2:sha256:260000$v1WzgE7tGIa2qmNi$8b15f42996cdf248099a6640dfe334e1f6001a84307089fb546494b0629f856b","Valerie","Miller","0","4108","314 Diaz Villages Suite 997
East Julie, NY 13542"
"35","bishopjose@hotmail.com","pbkdf2:sha256:260000$YgBJ5Tw0MJNSfvaA$76158196d188e6875a6fd16e58a22841d6de4266bdf814dbbc576255e2996654","Alyssa","Peterson","1","8029","20574 Rivera Union
South Bailey, IA 81091"
"36","manningmegan@yahoo.com","pbkdf2:sha256:260000$IK4k65iO2aZhytYu$5c7d1f455682211c851a8f5e624aeac9c25ba6d61062c0607147eaac7d1056cb","Samuel","Ibarra","1","6820","3393 Carter Bridge Suite 223
South Oscar, WA 76987"
"37","amyshepherd@gmail.com","pbkdf2:sha256:260000$JKHgAXTL2Dk2v7TS$afe53560b25d974e17e367caf0dfbd9c426a8a163646833ddd602f7e26754fd8","Albert","Jennings","0","8162","88231 Hernandez Mill Apt. 575
Gregoryhaven, ID 77100"
"38","weaveranthony@yahoo.com","pbkdf2:sha256:260000$EZI1KFlNvWpJmBqy$0953e6abf9aa804208c38ddd6befa83ec1dee4eacdd0e0b527cc53f63eb841ed","Kelly","Todd","0","6136","70377 Katherine Cove
South Dannyview, MN 02929"
"39","gweber@hotmail.com","pbkdf2:sha256:260000$GcbS3qO1LwDynGkO$be9fc69c3ef591b2cad4475f23b4e3f20594d659d99186dc4dbf6ed7305cbb3b","Mary","Taylor","0","5251","473 Clark Skyway Apt. 790
New Anthony, DC 56837"
"40","christopher52@hotmail.com","pbkdf2:sha256:260000$gXQJQoD27Zz14NZS$bb7ddfebf42243a10c1dab8d0db7738d51a2d8e33d30a4eacf1a3e2fe607931f","Dawn","Gilbert","0","6238","2370 Shaw Curve Apt. 288
Morganton, WI 13314"
"41","jason77@gmail.com","pbkdf2:sha256:260000$50ANIYqjPKp7mZbA$3d9209e75d25836c3484d67e3704e77b6d2ffff3f0a9692adc303a42a88cd24f","Jennifer","Charles","1","7498","Unit 6501 Box 2642
DPO AE 20799"
"42","wendy07@gmail.com","pbkdf2:sha256:260000$Y0amUR7W57Q8LoIb$aa459daca0b6ed07c53ea15f27f27120e9797678a0f501255e711734022b95d5","Andrew","Bullock","1","5716","Unit 1038 Box 2937
DPO AA 69292"
"43","hughesjennifer@gmail.com","pbkdf2:sha256:260000$GeseFVB5wNjcJWoK$c406001b09e8effd3c6dfe096e1fc739774d9b7824e31580e467972fea8dcc7f","Karen","Nelson","1","8340","336 Ethan Fords Suite 409
Deniseview, RI 68813"
"44","wayne16@hotmail.com","pbkdf2:sha256:260000$5AqA37lOXIBvHOz9$a762ca7c9eaa7d1cc4f0cf2fd0a9d03534fe1c93c8a14961965fdf8c35a8a0b9","Jay","DDS","1","2024","2001 William Rue
Welchport, WY 22660"
"45","johnsonjackson@hotmail.com","pbkdf2:sha256:260000$BGvQBdDn7Ytrx5r9$72ade8675cd1ceda1ffb9f946fe14c43fe2a75c0a76c0df73f66d9c5f7d9e7df","Stephanie","Ibarra","0","4467","96594 Sydney Pass Suite 234
Lake Kevintown, WY 29037"
"46","evansallison@gmail.com","pbkdf2:sha256:260000$2zwGQQL5qaNaXWLI$64f1d108f32fa36c40951cd7380e79e74f911c10381825292cf48f103e8a0e08","Gabriel","Whitehead","1","8678","44444 John Summit Apt. 714
South Bobbyside, MO 17406"
"47","jacksonxavier@yahoo.com","pbkdf2:sha256:260000$hYyMAKmMF2pTzugP$f5aa0a91fc463f3a6020cc20c4aff2571907f96bdf45876641fd2188280fa4d4","Wesley","Alexander","0","2055","95591 Brown Plains Suite 735
Weberborough, MN 61526"
"48","jamesbrianna@gmail.com","pbkdf2:sha256:260000$BR2UfReYP8amJtiC$ef61c1cb00c3cd9e21439261d643c43ad478624a102530667528eca2f389e0be","Louis","Chavez","0","5044","624 Thomas River Apt. 307
Lake Ronaldport, ME 73668"
"49","andrea09@hotmail.com","pbkdf2:sha256:260000$svnEwXHW7jXIUScy$e9551b4e876c4b916ee07d94872169dbca9933fe78b5c3c6465e2422d20ce092","Crystal","Shepard","1","8562","38853 Brown Prairie Apt. 474
Andersenview, MN 75945"
"50","jessica83@yahoo.com","pbkdf2:sha256:260000$uGOCkKQ5EDZOJ0Wi$08ba9638cb5752218db33a871b7d1ab1aeb6dc27603cda9df5020573b854c313","Jessica","Baker","0","3650","USNS Kemp
FPO AE 61133"
"51","alexis08@yahoo.com","pbkdf2:sha256:260000$G71SvbklfYHrk8I8$4e8cb2ad0718e1a657a91d7478a8e92b22c620eebc03590bcc5af59a155a790a","Mary","Medina","1","518","PSC 0301, Box 4488
APO AA 76959"
"52","vgray@hotmail.com","pbkdf2:sha256:260000$IOEcrbsg9vKI35lR$41a70dd85ffb47957204a16257fa739b913a65903eb19576a7b344f5f3b7b3c7","Emma","Yang","1","4037","37468 Sampson Pine Suite 984
New Stuart, ND 99812"
"53","elizabeth48@yahoo.com","pbkdf2:sha256:260000$I3YXo3pcKcB2tRAi$1fa498c7d1f1049367dd9ef0c2d6f0788fb95c530f62f235a12a4d971b97cf78","Anna","Woods","1","4400","2041 Jessica Parks
Irwinstad, WI 15046"
"54","faithblake@yahoo.com","pbkdf2:sha256:260000$DYXjy9QWoJuIGi8h$17ee3784c776970ade142264c4957e2e6e6845e7417b9582f8e2a967d86711d1","Christopher","Walsh","1","7238","3980 Benton Centers
Timberg, KS 82996"
"55","kristine54@gmail.com","pbkdf2:sha256:260000$eLR1sVEYrKH6ecxe$e952e33f7a7a60909460311d825646c706ec1f441d00a0cc67bd15402e5b022b","Kimberly","Melendez","0","8460","8083 Michele Harbors Apt. 244
Cooperfort, ID 94907"
"56","jonathanoliver@yahoo.com","pbkdf2:sha256:260000$g6KLb2Mnp2b8d8Q8$63c22d90ae2b76d9f9c17142b3d9edd8375d7027fa9ff43995fe97a9835b3ecf","Damon","Murphy","0","5563","4525 Smith Squares Suite 927
Leahville, CO 25063"
"57","morgan36@yahoo.com","pbkdf2:sha256:260000$4r17ygBW3qGEMHYL$db11dfb8426f07f682f6def1376459cb485446251e6082cef05e8d77cbba3eb8","Steven","Davis","0","1071","93627 Carlson Branch
North Brooke, HI 75109"
"58","shawn16@hotmail.com","pbkdf2:sha256:260000$O9u1LCNZI1Zp4zvp$4526809dc632644dc25962d9592d875103e7498adc80d1fbf772de0f38bd1bd8","Tyler","Johnson","0","677","4507 Justin Valley Suite 866
Keithborough, CO 99017"
"59","heatherturner@gmail.com","pbkdf2:sha256:260000$QE13C7rHLFwCrBTe$4b7755bce3f919223316d8b60467bfdbb808bbeba92306cb8abf8a5b24a496c9","Stephen","Taylor","0","1711","8460 Stephanie Squares Apt. 551
Lake Timothy, WA 04674"
"60","webermichelle@hotmail.com","pbkdf2:sha256:260000$Y2HmaXtpcaMfrdYI$a5ac3bb0fbbff7e5e2fd82b452f907223e0beb729dbfb87ad0836c335efa03c0","Mark","Boone","0","7225","USNV Davis
FPO AA 84678"
"61","mromero@yahoo.com","pbkdf2:sha256:260000$eRktqRJAXUe1rdzf$5c74643b2877b6181cbaa583fce40df67dba8cc63390d451791703852f0c95bd","Wendy","Kelly","1","5213","USNV Wang
FPO AE 54702"
"62","sarah24@hotmail.com","pbkdf2:sha256:260000$wXLawTKvZV6rbzjF$31d8dc39fec00cb0d0c03980def1d2930c67976e067676e7118c202feb4f07cd","Robert","Haynes","1","8752","0976 Porter Fields
East Benjamin, ND 38407"
"63","harrisonlisa@yahoo.com","pbkdf2:sha256:260000$3ATd4Wi2icMquNs1$ffd6f786f89a0896b815cb922547289ab6363d0bc4a5d6e543953f5695016c18","Raymond","Santos","1","7436","PSC 0149, Box 9377
APO AE 50387"
"64","gonzalezemma@gmail.com","pbkdf2:sha256:260000$LHnhr2VjAXGjAMK6$10a6dff624990d34d07679be1a90484fd4191890279e053d1d9b3761efa9548a","Pamela","Rivera","1","3373","1757 Wong Streets Suite 022
Ashleymouth, NM 43040"
"65","williampayne@yahoo.com","pbkdf2:sha256:260000$hiJT2TQjspS8WJ0M$674c1c2a304d53eaa9838c15fd502ff689a88b8f47b9cc58d3efbd2640c9103f","Zachary","Cook","0","4966","817 Hancock Extension Suite 094
Castrobury, OR 09868"
"66","twilliams@hotmail.com","pbkdf2:sha256:260000$DHNscrN8m1rXpMKy$275f7c872a2ec76698a5cd941040eb6bcc74f0a4566909d3f64f1f89c963eb22","Cheryl","Mann","0","6684","6560 Martinez Valley Suite 541
New Sandra, OK 95174"
"67","danielcarson@yahoo.com","pbkdf2:sha256:260000$0AyvlKywtRbONFFo$57582db4a5491730d46cfde29e28d48311ace33239e39efde8e48ef43f03460d","Eric","Wallace","0","4248","54288 Beasley Mountains
West Christopher, PA 15945"
"68","hallcarl@hotmail.com","pbkdf2:sha256:260000$JRXst6KzePy2DsFu$09b135c6bdfe64a83777daee1e477486efdd34f50d2666e8d0c9f428ea9e932c","Robert","Chung","0","5248","17168 Carmen Fall
Port Stephaniefurt, UT 91403"
"69","bgarcia@gmail.com","pbkdf2:sha256:260000$UK688RSxYUEKGr8e$5115e7da591794cc7de3f4693875eaf89771c237e2a6299747530fb5452a7399","Charles","Williams","1","7162","0583 Gardner Coves
North Margaretview, OR 29407"
"70","ramirezsteven@hotmail.com","pbkdf2:sha256:260000$S1MkPvzO7FiVltUh$7aeaaa9bc408be2a8d7c82ff9b060111e904920388cada87242fe7d55034222c","Heather","Gonzalez","1","3871","303 Kenneth Club
Lake Michael, IN 48668"
"71","cameron66@yahoo.com","pbkdf2:sha256:260000$rXPldVbrud7eqVMu$f67e2df3928aded52684224978a45f5b23b1d084d3ddf34061c401eb186530a4","Cynthia","Roberson","1","2578","6483 May Ridge
South David, AL 89316"
"72","vmiller@hotmail.com","pbkdf2:sha256:260000$HYzvEnuJKvhoU4js$f53c0589e7242a8a3d85cfe66da2850df68ee7040e9139a122abfbba8fad1eb1","Brian","King","1","5077","937 William Island
North Larry, IN 90976"
"73","xmiller@yahoo.com","pbkdf2:sha256:260000$yjFey0R1SSid3WSZ$50065f073ab070e0995cd205a54f746a1e429f36af1c6e73e0bd917c06f21abc","John","Jones","1","862","83875 Barnett Island
Donnatown, NJ 24236"
"74","gloverdonna@gmail.com","pbkdf2:sha256:260000$Mld2LmMA6yjJASzQ$3d0027c38f33fa32d2bd1fb63ea4ffe1f0746df1de1abf6cc24924f532d28241","Ralph","Meza","1","5811","1910 Amy Island
Heathstad, CA 87508"
"75","nicholasbishop@gmail.com","pbkdf2:sha256:260000$7wkhJoK51NNSGUAW$3dbd5d7907dbf4706737e18e156fcd1e164504ce5c124b1e8223e59cea4884c6","Haley","Schultz","0","6100","3485 Williams Cove
East Alicia, WV 88435"
"76","joseph48@yahoo.com","pbkdf2:sha256:260000$x0GzXxoo2IuvAbJ9$c525f7b811f812815a8fd313f9adf5eaeb0ce4283536dbab1f00b262f13bee6b","Natalie","Donovan","1","984","3169 Santos Cape Suite 254
North Stephanie, KY 95693"
"77","zhernandez@yahoo.com","pbkdf2:sha256:260000$qKOfc5JjEIEaEeMd$37fb5889d68705ee848fcc5a35ec685a9ab416c28402ecebc4bd2f3365927e1c","Joseph","Gibson","1","4996","15540 Hicks Greens Suite 927
Hayesberg, MD 58061"
"78","ecarroll@hotmail.com","pbkdf2:sha256:260000$5ZkFf3judJcxL5vc$a218c7409d2c3bbf8a9456d92afb668db9bac0fdb1b805620a4918673235745e","Amanda","Sanford","0","4372","6952 Steven Village
New Carla, CT 07548"
"79","allison25@gmail.com","pbkdf2:sha256:260000$dDufAbLyVXaA37UI$f17a13a435c7209e4a54164335537ceb980d3695a7c347dd7b6b3dbfa4d70e9b","Dawn","Delgado","0","3593","2773 Cline Path Apt. 211
Perkinsview, MI 19115"
"80","john53@hotmail.com","pbkdf2:sha256:260000$0AxT9szTGTWAd4Jf$c951209264ea32e4d0ae674cc9a589b92b7198959de922240263869fc8391d97","Heidi","Mcdowell","0","5941","11385 Morris Spring Apt. 659
North Paul, AL 28263"
"81","brandon02@hotmail.com","pbkdf2:sha256:260000$a6mTGe0ERmLdZcUm$798d499275a3b8d09e037992bc343ebd90dd1b1d3522167a224075b34d9a0f76","Evan","Smith","1","1450","7402 Brenda Haven
West Anthonyside, NC 72937"
"82","dale00@yahoo.com","pbkdf2:sha256:260000$67KsZ5yFXJ5d0rrx$97458daf4d64b50d43a7d2eb40811b1da9e839e5aed9d8db2e15eea36e387a1b","Daniel","James","1","6022","93775 Daniel Trace Apt. 530
West Isaiah, PA 24933"
"83","james56@hotmail.com","pbkdf2:sha256:260000$1Mp0QMCaKtWCinxf$ba9d50a7062ca1ed620f786911522701de88f0a3f5bbd01f6d47af848edf2d57","Rebecca","Chan","0","1150","71011 Ortega Port Apt. 691
South Mark, IL 72432"
"84","bradleyjose@hotmail.com","pbkdf2:sha256:260000$Yufx7wlqHpLgMt5J$b9b3a584376a6c79d98c52621d7d12dc21d24a403f1cc43e84c73e08d5c963cc","Sarah","Vasquez","0","1025","768 Laura Islands Suite 308
Williamstad, WA 63334"
"85","michaelchandler@gmail.com","pbkdf2:sha256:260000$zDuk41DHpiycRqYk$4c97fe6cefb3415326a33d294cc75d85c482e99e60fe5fa43aa4b7e0ab91582b","Michelle","Watson","1","7209","9628 Holloway Manors Apt. 514
Boydshire, CO 07371"
"86","ellen48@gmail.com","pbkdf2:sha256:260000$kcSEcED4fWyjSPNA$e11dd63a7a03cea0e3bd4495ae3966d8166b05a0a798b7dd724065f586cdf965","Paula","Wells","1","6945","16634 Johnson Well Suite 316
New Coreyhaven, HI 83126"
"87","tammyromero@gmail.com","pbkdf2:sha256:260000$WDbLJSljQNTgpb4R$899816c876a1f0d0e555515b1f566cc41150d2d9cd8cda89e249953f64dec5d7","David","Rodriguez","0","604","USCGC Stephens
FPO AP 76252"
"88","thomasanthony@hotmail.com","pbkdf2:sha256:260000$78QtPAsCNX0MMapw$077058cafc0e871bedbd1ee066ffd98c629658ebb401523a4f77f46e44b52c18","Annette","Garcia","0","4784","770 Kennedy Harbor Apt. 385
Mitchellhaven, RI 45040"
"89","colinsmith@hotmail.com","pbkdf2:sha256:260000$uhcaE0DLaBHHZLRT$089e7849495c32bb67146f2880e44ee375b3ee4d076bc053761e7daf878943e8","Zachary","Ortiz","0","7200","940 Kelsey Pike
South Joanberg, NY 28028"
"90","thomas85@hotmail.com","pbkdf2:sha256:260000$GoZPYSKlhxLZjhBq$37cc05202270f331216b131d96d2970025693edf5c8d28d7cb8b73d045c9cecf","Peter","Pineda","1","3924","1183 Ward Fields Suite 107
New Kelseymouth, WI 41836"
"91","reyesjames@gmail.com","pbkdf2:sha256:260000$JO25jLSDU5KbfNK4$91daaa91ebdf2f77079e7e1f86907cb38f0c3a4e889e6b23b3c18f2858dd952e","Kyle","Martin","1","6898","18842 Thompson Pike Apt. 682
New Katelyn, MS 71675"
"92","gibbsjohn@yahoo.com","pbkdf2:sha256:260000$tKUkEJBraozlFdbl$790e663ed74de44ac87ce179760073e22788477362c0b1c9478970f6cffb6ed4","Anthony","Daniels","0","7826","7645 Kelly Unions Apt. 340
Greenehaven, SC 74085"
"93","terrymoreno@gmail.com","pbkdf2:sha256:260000$smlcSWTFWYz8K8rj$211bdb8f38233d993913f0a240f292ed9e690e126ed7ab25759ed6c0259faa0d","Mitchell","Martin","1","6906","407 Nicholas Land Apt. 121
Port Alexanderville, HI 87618"
"94","wardgabriel@yahoo.com","pbkdf2:sha256:260000$siW9JgAVDxQjxtLl$09b9688d9305d3b4dc61a79409fba2ce8c2139ef9389cc30c89d77f9f53b35b2","Stephanie","Jones","1","5326","2640 Miller Cove Suite 861
Brandonstad, WI 43693"
"95","thomassanchez@hotmail.com","pbkdf2:sha256:260000$yhrSpxwk8fwZ123v$bd557bf4d89be2db640c18e21bc01050fbdd58b5ad21c8e1b7d2675449633d8b","Courtney","Patterson","1","9170","39505 Hart Streets
New Dean, DE 18609"
"96","david40@yahoo.com","pbkdf2:sha256:260000$eYN5CkOielOzM6dh$e7a75d20211ece4e00110ad9873d07422a02d8f85049c100f14bca8f3e7678bb","Joshua","Rosales","0","8482","68117 Gilbert Walk Apt. 965
North Robertside, MS 65207"
"97","michaelrice@gmail.com","pbkdf2:sha256:260000$yaAK3tMRWChLgYtW$d005f905ddd75e88066fa4dd6f39be353431dd7ca45e3ca553a39ee6b1ecf149","Henry","Howard","0","829","50688 Simmons Turnpike Suite 799
Port Leslie, KS 51228"
"98","karen56@gmail.com","pbkdf2:sha256:260000$ONoOm2BrMlknFNWi$ca3ec5db48d833397782218d7709cb8ef2b2abdb1bd9c87f60ecb7bce9423e6f","Dr.","MD","0","577","53158 Jones Pines Apt. 666
Robertville, NE 17590"
"99","patrick82@yahoo.com","pbkdf2:sha256:260000$C8cmbazVItsxHqat$2c77a5a28d9d64eb2347efdb86c1783a7ff81c5233c46328f59df679962836b7","Daniel","Thompson","1","1605","165 Morris Club
Lake Melissamouth, FL 74868"
